,molregno,chembl_id,max_phase,canonical_smiles,standard_inchi_key,mw_freebase,molecular_weight,alogp,hba,hbd,psa,rtb,num_ro5_violations,aromatic_rings,heavy_atoms,qed_weighted,np_likeness_score,natural_product,prodrug,ro3_pass,oral,parenteral,topical
269,8609,CHEMBL273977,2.0,O=S(=O)([O-])NC1CCCCC1.[Na+],UDIPTWFVPPPURJ-UHFFFAOYSA-M,201.22,201.22,,,,,,,,,,,1,0,,0,0,0
727,29061,CHEMBL265502,3.0,Cc1ccc(C(=O)Nc2ccc(S(=O)(=O)O)c3cc(S(=O)(=O)O)cc(S(=O)(=O)O)c23)cc1NC(=O)c1cccc(NC(=O)Nc2cccc(C(=O)Nc3cc(C(=O)Nc4ccc(S(=O)(=O)O)c5cc(S(=O)(=O)O)cc(S(=O)(=O)O)c45)ccc3C)c2)c1,FIAFUQMPZJWCLV-UHFFFAOYSA-N,1297.3,1297.3,,,,,,,,,,,1,0,,0,0,0
747,30211,CHEMBL23393,3.0,CCCCCCCCCCCCOS(=O)(=O)[O-].[Na+],DBMJMQXJHONAFJ-UHFFFAOYSA-M,288.38,288.38,,,,,,,,,,,1,0,,0,0,0
976,45921,CHEMBL32994,2.0,C[Si](C)(C)c1cc(C(=O)Nc2ccc(C(=O)O)cc2)cc([Si](C)(C)C)c1,VVTNSTLJOVCBDL-UHFFFAOYSA-N,385.61,385.61,,,,,,,,,,,1,0,,0,0,0
1136,59311,CHEMBL413376,3.0,Cc1ccc(C(=O)Nc2ccc(S(=O)(=O)[O-])c3cc(S(=O)(=O)[O-])cc(S(=O)(=O)[O-])c23)cc1NC(=O)c1cccc(NC(=O)Nc2cccc(C(=O)Nc3cc(C(=O)Nc4ccc(S(=O)(=O)[O-])c5cc(S(=O)(=O)[O-])cc(S(=O)(=O)[O-])c45)ccc3C)c2)c1.[Na+].[Na+].[Na+].[Na+].[Na+].[Na+],VAPNKLKDKUDFHK-UHFFFAOYSA-H,1297.3,1429.19,,,,,,,,,,,0,0,,0,0,0
1278,70140,CHEMBL262777,4.0,CN[C@H](CC(C)C)C(=O)N[C@H]1C(=O)N[C@@H](CC(N)=O)C(=O)N[C@H]2C(=O)N[C@H]3C(=O)N[C@H](C(=O)N[C@H](C(=O)O)c4cc(O)cc(O)c4-c4cc3ccc4O)[C@H](O)c3ccc(c(Cl)c3)Oc3cc2cc(c3O[C@@H]2O[C@H](CO)[C@@H](O)[C@H](O)[C@H]2O[C@H]2C[C@](C)(N)[C@H](O)[C@H](C)O2)Oc2ccc(cc2Cl)[C@H]1O,MYPYJXKWCTUITO-LYRMYLQWSA-N,1449.27,1449.27,,,,,,,,,,,1,0,,1,1,0
1312,75507,CHEMBL51085,3.0,O=c1c2ccccc2[se]n1-c1ccccc1,DYEFUKCXAQOFHX-UHFFFAOYSA-N,274.18,274.18,,,,,,,,,,,1,0,,0,0,0
1398,84251,CHEMBL264241,4.0,CCCCCOc1ccc(-c2ccc(-c3ccc(C(=O)N[C@H]4C[C@@H](O)[C@@H](O)NC(=O)[C@@H]5[C@@H](O)[C@@H](C)CN5C(=O)[C@H]([C@@H](C)O)NC(=O)[C@H]([C@H](O)[C@@H](O)c5ccc(O)cc5)NC(=O)[C@@H]5C[C@@H](O)CN5C(=O)[C@H]([C@@H](C)O)NC4=O)cc3)cc2)cc1,JHVAMHSQVVQIOT-MFAJLEFUSA-N,1140.25,1140.25,,,,,,,,,,,1,0,,0,1,0
1476,92706,CHEMBL58061,3.0,COc1cc(Cc2cnc(N)nc2N)cc(OC)c1OC.Cc1cc(NS(=O)(=O)c2ccc(N)cc2)no1,WZRJTRPJURQBRM-UHFFFAOYSA-N,543.61,543.61,,,,,,,,,,,0,0,,0,0,0
1523,98058,CHEMBL62382,1.0,C[Se]C[C@H](N)C(=O)O,XDSSPSLGNGIIHP-VKHMYHEASA-N,182.08,182.08,,,,,,,,,,,1,0,,0,0,0
1546,100479,CHEMBL62381,2.0,CCCC(=O)[O-].[Na+],MFBOGIVSZKQAPD-UHFFFAOYSA-M,110.09,110.09,,,,,,,,,,,1,0,,0,0,0
1557,101924,CHEMBL984,4.0,COc1cc2c(cc1OC)[C@@H](Cc1cc(OC)c(OC)c(OC)c1)[N+](C)(CCCOC(=O)CC/C=C/CCC(=O)OCCC[N+]1(C)CCc3cc(OC)c(OC)cc3[C@H]1Cc1cc(OC)c(OC)c(OC)c1)CC2.[Cl-].[Cl-],WMSYWJSZGVOIJW-ONUALHDOSA-L,1029.28,1100.18,,,,,,,,,,,0,0,,0,1,0
1565,103029,CHEMBL67279,3.0,CC(C)[C@H](N)C(=O)N1CCC[C@H]1B(O)O,FKCMADOPPWWGNZ-YUMQZZPRSA-N,214.07,214.07,,,,,,,,,,,1,0,,0,0,0
1656,115554,CHEMBL306823,3.0,O=C([O-])C(Cl)Cl.[Na+],LUPNKHXLFSSUGS-UHFFFAOYSA-M,150.92,150.92,,,,,,,,,,,0,0,,0,0,0
1677,118669,CHEMBL166,3.0,Nc1nc(N)nc(Nc2ccc([As]3SCC(CO)S3)cc2)n1,JCYZMTMYPZHVBF-UHFFFAOYSA-N,398.35,398.35,,,,,,,,,,,1,1,,0,0,0
2045,177686,CHEMBL269259,2.0,CC[C@H](C(=O)N1CCCC[C@H]1C(=O)O[C@H](CCc1ccc(OC)c(OC)c1)c1cccc(OCC(=O)NCCNC(=O)COc2cccc([C@@H](CCc3ccc(OC)c(OC)c3)OC(=O)[C@@H]3CCCCN3C(=O)[C@@H](CC)c3cc(OC)c(OC)c(OC)c3)c2)c1)c1cc(OC)c(OC)c(OC)c1,GQLCLPLEEOUJQC-ZTQDTCGGSA-N,1411.65,1411.65,,,,,,,,,,,0,0,,0,0,0
2084,184737,CHEMBL113178,4.0,C[Se]CC[C@H](N)C(=O)O,RJFAYQIBOAGBLC-BYPYZUCNSA-N,196.11,196.11,,,,,,,,,,,1,0,,0,1,0
2094,187372,CHEMBL325041,3.0,CC(C)C[C@H](NC(=O)[C@H](Cc1ccccc1)NC(=O)c1cnccn1)B(O)O,GXJABQQUPOEUTA-RDJZCZTQSA-N,384.25,384.25,,,,,,,,,,,1,0,,0,0,0
2249,212379,CHEMBL412309,2.0,CC[C@@]1(O)C(=O)OCc2c1cc1n(c2=O)Cc2c-1nc1ccc(O)cc1c2[Si](C)(C)C(C)(C)C,XUSKJHCMMWAAHV-SANMLTNESA-N,478.62,478.62,,,,,,,,,,,1,0,,0,0,0
2650,304381,CHEMBL1353,4.0,O=C([O-])O.[Na+],UIIMBOGNXHQVGW-UHFFFAOYSA-M,84.01,84.01,,,,,,,,,,,0,0,,1,1,0
2651,304383,CHEMBL1354,4.0,CC(=O)[O-].[Na+],VMHLLURERBWHNL-UHFFFAOYSA-M,82.03,82.03,,,,,,,,,,,0,0,,0,1,0
2652,304390,CHEMBL1355,4.0,O=C([O-])CC(O)(CC(=O)[O-])C(=O)[O-].[Na+].[Na+].[Na+],HRXKRNGNAMMEHJ-UHFFFAOYSA-K,258.07,258.07,,,,,,,,,,,1,0,,0,1,0
2653,304398,CHEMBL1356,4.0,O=C([O-])c1ccccc1.[Na+],WXMKPNITSTVMEF-UHFFFAOYSA-M,144.1,144.1,,,,,,,,,,,1,0,,1,1,0
2655,304417,CHEMBL1357,4.0,CC(O)C(=O)[O-].[Na+],NGSFWBMYFKHRBD-UHFFFAOYSA-M,112.06,112.06,,,,,,,,,,,1,0,,0,1,0
2679,311503,CHEMBL186314,4.0,O=C([O-])[O-].[Na+].[Na+],CDBYLPFSWZWCQE-UHFFFAOYSA-L,105.99,105.99,,,,,,,,,,,0,0,,0,0,0
2743,320848,CHEMBL408350,3.0,C[C@@H](O)[C@@H]1NC(=O)[C@H](CCCCN)NC(=O)[C@@H](Cc2c[nH]c3ccccc23)NC(=O)[C@H](Cc2ccc(O)cc2)NC(=O)[C@@H](NC(=O)[C@@H](Cc2ccccc2)NC(=O)CN2CCN(CC(=O)O)CCN(CC(=O)O)CCN(CC(=O)O)CC2)CSSC[C@@H](C(=O)N[C@H](CO)[C@@H](C)O)NC1=O,RZHKDBRREKOZEW-AAXZNHDCSA-N,1421.66,1421.66,,,,,,,,,,,1,0,,0,0,0
2855,353084,CHEMBL211538,1.0,OB1OCc2cc(Cl)ccc21,HMAFTPZYFJFEHK-UHFFFAOYSA-N,168.39,168.39,,,,,,,,,,,1,0,,0,0,0
2856,353270,CHEMBL443052,4.0,OB1OCc2cc(F)ccc21,LFQDNHWZDQTITF-UHFFFAOYSA-N,151.93,151.93,,,,,,,,,,,0,0,,0,0,1
2871,360620,CHEMBL374223,2.0,CCCCCCCCCCCC(=O)O[C@H](CCCCCCCCCCC)CC(=O)N[C@H]1[C@H](OC[C@H]2O[C@H](OP(=O)(O)O)[C@H](NC(=O)C[C@H](O)CCCCCCCCCCC)[C@@H](O)[C@@H]2O)O[C@H](CO)[C@@H](OP(=O)(O)O)[C@@H]1O,GOWLTLODGKPXMN-MWJFIXGVSA-N,1135.31,1135.31,,,,,,,,,,,1,0,,0,0,0
2972,374037,CHEMBL387675,4.0,CCCCCCCCCC(=O)N[C@@H](Cc1c[nH]c2ccccc12)C(=O)N[C@@H](CC(N)=O)C(=O)N[C@@H](CC(=O)O)C(=O)N[C@@H]1C(=O)NCC(=O)N[C@@H](CCCN)C(=O)N[C@@H](CC(=O)O)C(=O)N[C@H](C)C(=O)N[C@@H](CC(=O)O)C(=O)NCC(=O)N[C@H](CO)C(=O)N[C@@H]([C@H](C)CC(=O)O)C(=O)N[C@@H](CC(=O)c2ccccc2N)C(=O)O[C@@H]1C,DOAKLVKFURWEDJ-RWDRXURGSA-N,1620.69,1620.69,,,,,,,,,,,1,0,,0,1,0
3258,430250,CHEMBL261772,4.0,C=C1c2c(Cl)ccc(O)c2C(=O)C2=C(O)[C@]3(O)C(=O)C(C(N)=O)=C(O)[C@@H](N(C)C)[C@@H]3[C@@H](O)[C@H]12.O=C(O)c1cc(S(=O)(=O)O)ccc1O,FYSVKUUNXYGFLA-CCHMMTNSSA-N,695.06,695.06,,,,,,,,,,,0,0,,0,0,1
3325,441255,CHEMBL270515,2.0,CC(C)C[C@H](NC(=O)[C@@H](NC(=O)c1cccc(-c2ccccc2)n1)[C@@H](C)O)B(O)O,SJFBTAPEPRWNKH-CCKFTAQKSA-N,413.28,413.28,,,,,,,,,,,1,0,,0,0,0
3564,464003,CHEMBL447868,1.0,O=C([O-])c1ccccc1O.[Na+],ABBQHOQBGMUPJH-UHFFFAOYSA-M,160.1,160.1,,,,,,,,,,,1,0,,0,0,0
3606,471396,CHEMBL508360,1.0,CO[C@@H]1C/C(C)=C\[C@H]2CC[C@@H]([C@@H](C)C[C@@H](C)C(=O)[C@H](OC)[C@H](O)/C(C)=C/[C@@H](C)C(=O)C[C@@H]([C@H](C)C[C@@H]3CC[C@@H](O)[C@H](OC)C3)OC(=O)[C@@H]3CCCCN3C(=O)C(=O)[C@]3(O)O[C@@H](CC[C@H]3C)C1)N(c1ccccc1)O2,MEHAQNIQDYZFHE-KRWDJPGYSA-N,1037.34,1037.34,,,,,,,,,,,0,0,,0,0,0
3617,476867,CHEMBL500826,2.0,CCC(=O)[O-].[Na+],JXKPEJDQGNYQSM-UHFFFAOYSA-M,96.06,96.06,,,,,,,,,,,1,0,,0,0,0
3646,484950,CHEMBL451930,4.0,CC[C@H](C)[C@H]1NC(=O)[C@@H](NC(=O)[C@@H](CC(C)C)N(C)C(=O)[C@@H]2CCCN2C(=O)C(C)=O)[C@@H](C)OC(=O)[C@H](Cc2ccc(OC)cc2)N(C)C(=O)[C@@H]2CCCN2C(=O)[C@H](CC(C)C)NC(=O)[C@@H](C)C(=O)[C@H](C(C)C)OC(=O)C[C@@H]1O,UUSZLLQJYRSZIS-LXNNNBEUSA-N,1110.36,1110.36,,,,,,,,,,,1,0,,0,0,0
3730,500520,CHEMBL457547,4.0,CCCCCOc1ccc(-c2cc(-c3ccc(C(=O)N[C@H]4C[C@@H](O)[C@@H](O)NC(=O)[C@@H]5[C@@H](O)[C@@H](C)CN5C(=O)[C@H]([C@H](O)CC(N)=O)NC(=O)[C@H]([C@H](O)[C@@H](O)c5ccc(O)c(OS(=O)(=O)O)c5)NC(=O)[C@@H]5C[C@@H](O)CN5C(=O)[C@H]([C@@H](C)O)NC4=O)cc3)no2)cc1,PIEUQSKUWLMALL-YABMTYFHSA-N,1270.29,1270.29,,,,,,,,,,,1,0,,0,1,0
3781,514906,CHEMBL501259,3.0,CCCCCC/C=C\CCCCCCCCCC(=O)N[C@H]1[C@H](OC[C@H]2O[C@H](OP(=O)(O)O)[C@H](NC(=O)CC(=O)CCCCCCCCCCC)[C@@H](OCCCCCCCCCC)[C@@H]2O)O[C@H](COC)[C@@H](OP(=O)(O)O)[C@@H]1OCC[C@@H](CCCCCCC)OC,BPSMYQFMCXXNPC-MFCPCZTFSA-N,1313.68,1313.68,,,,,,,,,,,1,0,,0,0,0
3814,520269,CHEMBL484785,4.0,N#Cc1ccc(Oc2ccc3c(c2)COB3O)cc1,USZAGAREISWJDP-UHFFFAOYSA-N,251.05,251.05,,,,,,,,,,,1,0,,0,0,1
4021,580438,CHEMBL1749,4.0,O=C([O-])CN(CCN(CC(=O)[O-])CC(=O)O)CC(=O)O.[Na+].[Na+],ZGTMUACCHSMWAC-UHFFFAOYSA-L,336.21,336.21,,,,,,,,,,,1,0,,0,1,0
4079,597282,CHEMBL591665,4.0,O=C1O[C@H]([C@@H](O)CO)C([O-])=C1O.[Na+],PPASLZSBLFJQEF-RXSVEWSESA-M,198.11,198.11,,,,,,,,,,,1,0,,1,0,0
4217,631811,CHEMBL1084173,2.0,O=C(O)/C(=C/c1ccccc1)c1ccccc1.OCc1cc([C@@H](O)CNCCCCCCOCCOCc2c(Cl)cccc2Cl)ccc1O,KAMFDHLRBHTIMJ-AZDLLSQWSA-N,710.7,710.7,,,,,,,,,,,0,0,,0,0,0
4246,646449,CHEMBL1165268,4.0,O=C(CCCCC(=O)Nc1c(I)cc(I)c(C(=O)O)c1I)Nc1c(I)cc(I)c(C(=O)O)c1I,FFINMCNLQNTKLU-UHFFFAOYSA-N,1139.76,1139.76,,,,,,,,,,,1,0,,0,1,1
4279,656783,CHEMBL1182833,4.0,COc1cc2c(cc1OC)[C@@H](Cc1cc(OC)c(OC)c(OC)c1)[N+](C)(CCCOC(=O)CC/C=C/CCC(=O)OCCC[N+]1(C)CCc3cc(OC)c(OC)cc3[C@H]1Cc1cc(OC)c(OC)c(OC)c1)CC2,ILVYCEVXHALBSC-OTBYEXOQSA-N,1029.28,1029.28,,,,,,,,,,,1,0,,0,1,0
4369,674296,CHEMBL1200345,4.0,O=C([O-])CCC(=O)O.[Na+],KZQSXALQTHVPDQ-UHFFFAOYSA-M,140.07,140.07,,,,,,,,,,,0,0,,0,1,0
4372,674301,CHEMBL1200350,4.0,O=C(CCCCC(=O)Nc1c(I)cc(I)c(C(=O)[O-])c1I)Nc1c(I)cc(I)c(C(=O)[O-])c1I.[Na+].[Na+],SIZXNBZGPPPFHM-UHFFFAOYSA-L,1139.76,1183.73,,,,,,,,,,,0,0,,0,1,0
4378,674309,CHEMBL1200358,4.0,O=C([O-])Cc1ccccc1.[Na+],HZOREEUASZHZBI-UHFFFAOYSA-M,158.13,158.13,,,,,,,,,,,0,0,,1,1,0
4387,674326,CHEMBL1200375,4.0,O=C([O-])CN(CCN(CC(=O)[O-])CC(=O)[O-])CC(=O)[O-].[Ca+2].[Na+].[Na+],SHWNNYZBHZIQQV-UHFFFAOYSA-J,374.27,374.27,,,,,,,,,,,1,0,,1,1,0
4392,674332,CHEMBL1200381,4.0,Cl.N=C(N)NCCC[C@H](N)C(=O)O,KWTQSFXGGICVPE-WCCKRBBISA-N,210.66,210.66,,,,,,,,,,,0,0,,0,1,0
4412,674357,CHEMBL1200406,4.0,CN(C)CCOC(c1ccccc1)c1ccccc1.Cn1c(=O)c2[nH]c(Cl)nc2n(C)c1=O,NFLLKCVHYJRNRH-UHFFFAOYSA-N,469.97,469.97,,,,,,,,,,,0,0,,1,1,0
4440,674409,CHEMBL1200458,4.0,O=C([O-])CC(O)(CC(=O)[O-])C(=O)[O-].[K+].[K+].[K+],QEEAPRPFLLJWCF-UHFFFAOYSA-K,306.39,306.39,,,,,,,,,,,1,0,,1,0,0
4471,674459,CHEMBL1200508,4.0,CNC(=O)c1c(I)c(C(=O)NCC(=O)Nc2c(I)c(C(=O)O)c(I)c(C(=O)NCCO)c2I)c(I)c(N(C)C(C)=O)c1I.CNC[C@H](O)[C@@H](O)[C@H](O)[C@H](O)CO,HUHDYASLFWQVOL-WZTVWXICSA-N,1268.88,1464.1,,,,,,,,,,,0,0,,0,1,0
4485,674490,CHEMBL1200539,4.0,O=C([O-])[O-].[Ca+2],VTYYLEPIZMXCLO-UHFFFAOYSA-L,100.09,100.09,,,,,,,,,,,0,0,,1,0,0
4501,674529,CHEMBL1200578,4.0,Cn1c(=O)c2[nH]cnc2n(C)c1=O.NCC(=O)[O-].[Na+],AIJQWRAOMFRHTQ-UHFFFAOYSA-M,255.23,277.22,,,,,,,,,,,1,0,,1,0,0
4533,674579,CHEMBL1200628,4.0,CN[C@H](CC(C)C)C(=O)N[C@H]1C(=O)N[C@@H](CC(N)=O)C(=O)N[C@H]2C(=O)N[C@H]3C(=O)N[C@H](C(=O)N[C@H](C(=O)O)c4cc(O)cc(O)c4-c4cc3ccc4O)[C@H](O)c3ccc(c(Cl)c3)Oc3cc2cc(c3O[C@@H]2O[C@H](CO)[C@@H](O)[C@H](O)[C@H]2O[C@H]2C[C@](C)(N)[C@H](O)[C@H](C)O2)Oc2ccc(cc2Cl)[C@H]1O.Cl,LCTORFDMHNKUSG-XTTLPDOESA-N,1449.27,1485.73,,,,,,,,,,,0,0,,1,1,0
4543,674600,CHEMBL1200649,4.0,CC[C@H]1NC(=O)[C@@H](NC(=O)c2ncccc2O)[C@@H](C)OC(=O)[C@H](c2ccccc2)NC(=O)[C@@H]2CC(=O)[C@H](CS[C@@H]3CN4CCC3CC4)CN2C(=O)[C@H](Cc2ccc(N(C)C)cc2)N(C)C(=O)[C@@H]2CCCN2C1=O,WTHRRGMBUAHGNI-LCYNINFDSA-N,1022.24,1022.24,,,,,,,,,,,1,0,,0,1,0
4549,674615,CHEMBL1200664,4.0,CC(O)C(=O)[O-].[K+],PHZLMBHDXVLRIX-UHFFFAOYSA-M,128.17,128.17,,,,,,,,,,,1,0,,0,1,0
4561,674642,CHEMBL1200691,4.0,CC(=O)[O-].CC(=O)[O-].[Mg+2],UEGPKNKPLBYCNK-UHFFFAOYSA-L,142.39,142.39,,,,,,,,,,,0,0,,0,1,0
4571,674662,CHEMBL1200711,4.0,CC/C=C\C/C=C\C/C=C\C/C=C\C/C=C\C/C=C\CCC(=O)OCC.CC/C=C\C/C=C\C/C=C\C/C=C\C/C=C\CCCC(=O)OCC,DTMGIJFHGGCSLO-FIAQIACWSA-N,687.06,687.06,,,,,,,,,,,0,0,,1,0,0
4585,674687,CHEMBL1200736,4.0,O=C([O-])[O-].[Mg+2],ZLNQQNXFFQJAID-UHFFFAOYSA-L,84.31,84.31,,,,,,,,,,,0,0,,0,0,0
4587,674694,CHEMBL1200743,4.0,CNC(=O)c1c(I)c(C(=O)NCC(=O)Nc2c(I)c(C(=O)[O-])c(I)c(C(=O)NCCO)c2I)c(I)c(N(C)C(C)=O)c1I.[Na+],MBVDCEVFLAONHO-UHFFFAOYSA-M,1268.88,1290.87,,,,,,,,,,,0,0,,0,1,0
4589,674698,CHEMBL1200747,4.0,CC(O)C(=O)O.N,RZOBLYBZQXQGFY-UHFFFAOYSA-N,107.11,107.11,,,,,,,,,,,0,0,,0,0,1
4625,674751,CHEMBL1200800,4.0,CC(=O)[O-].CC(=O)[O-].[Ca+2],VSGNNIFQASZAOI-UHFFFAOYSA-L,158.17,158.17,,,,,,,,,,,0,0,,1,1,0
4642,674777,CHEMBL1200826,4.0,O=C([O-])[O-].[Li+].[Li+],XGZVUEUWXADBQD-UHFFFAOYSA-L,73.89,73.89,,,,,,,,,,,0,0,,1,0,0
4700,674879,CHEMBL1200928,4.0,CC(=O)[O-].CC(=O)[O-].[Zn+2],DJWUNCQRNNEAKC-UHFFFAOYSA-L,183.48,183.48,,,,,,,,,,,0,0,,1,1,0
4706,674887,CHEMBL1200936,4.0,CC1(C)S[C@@H]2[C@H](NC(=O)Cc3ccccc3)C(=O)N2[C@H]1C(=O)O.CCN(CC)CCOC(=O)c1ccc(N)cc1.O,KZDCMKVLEYCGQX-UDPGNSCCSA-N,570.71,588.73,,,,,,,,,,,0,0,,0,1,0
4709,674890,CHEMBL1200939,4.0,Cl.N,NLXLAEXVIDQMFP-UHFFFAOYSA-N,53.49,53.49,,,,,,,,,,,0,0,,0,1,0
4763,674966,CHEMBL1201015,4.0,CC(=O)[O-].CC(=O)[O-].CC(=O)[O-].[Al+3],WCOATMADISNSBV-UHFFFAOYSA-K,204.11,204.11,,,,,,,,,,,0,0,,0,0,1
4775,674989,CHEMBL1201038,4.0,CCCCCCc1ccc(O)cc1O.Nc1c2ccccc2nc2ccccc12,YZODJQFXMFEJRM-UHFFFAOYSA-N,388.51,388.51,,,,,,,,,,,0,0,,0,0,1
4789,675005,CHEMBL1201054,4.0,C[75Se]CC[C@H](N)C(=O)O,RJFAYQIBOAGBLC-ZEMBQCNESA-N,196.11,192.07,,,,,,,,,,,0,0,,0,1,0
4792,675009,CHEMBL1201058,4.0,CC(=O)[O-].[K+],SCVFZCLFOSHCOH-UHFFFAOYSA-M,98.14,98.14,,,,,,,,,,,0,0,,0,1,0
4859,675121,CHEMBL1201170,4.0,O=C([O-])CC(O)(CC(=O)[O-])C(=O)[O-].[Li+].[Li+].[Li+],WJSIUCDMWSDDCE-UHFFFAOYSA-K,209.92,209.92,,,,,,,,,,,0,0,,1,0,0
4868,675133,CHEMBL1201182,4.0,CO[C@H]1C[C@@H]2CC[C@@H](C)[C@@](O)(O2)C(=O)C(=O)N2CCCC[C@H]2C(=O)O[C@H]([C@H](C)C[C@@H]2CC[C@@H](OC(=O)C(C)(CO)CO)[C@H](OC)C2)CC(=O)[C@H](C)/C=C(\C)[C@@H](O)[C@@H](OC)C(=O)[C@H](C)C[C@H](C)/C=C/C=C/C=C/1C,CBPNZQVSJQDFBE-FUXHJELOSA-N,1030.3,1030.3,,,,,,,,,,,1,0,,0,1,0
4932,675242,CHEMBL1201291,4.0,CNC(=O)c1c(I)c(C(=O)NCC(=O)Nc2c(I)c(C(=O)O)c(I)c(C(=O)NCCO)c2I)c(I)c(N(C)C(C)=O)c1I,TYYBFXNZMFNZJT-UHFFFAOYSA-N,1268.88,1268.88,,,,,,,,,,,1,0,,0,1,0
5075,682597,CHEMBL1208646,4.0,Cn1c(=O)c2[nH]cnc2n(C)c1=O.NCC(=O)O,HXSKWEQQPCKYIF-UHFFFAOYSA-N,255.23,255.23,,,,,,,,,,,0,0,,1,0,0
5215,699405,CHEMBL1237054,4.0,CO[C@H](C(=O)[C@@H](O)[C@@H](C)O)[C@@H]1Cc2cc3cc(O[C@H]4C[C@@H](O[C@@H]5C[C@@H](O)[C@H](O)[C@@H](C)O5)[C@H](O)[C@@H](C)O4)c(C)c(O)c3c(O)c2C(=O)[C@H]1O[C@H]1C[C@@H](O[C@@H]2C[C@@H](O)[C@@H](O[C@@H]3C[C@](C)(O)[C@H](O)[C@@H](C)O3)[C@@H](C)O2)[C@H](O)[C@@H](C)O1,XDKMHMINQXATOR-RCFLUEAHSA-N,1085.16,1085.16,,,,,,,,,,,1,0,,0,1,0
5219,699417,CHEMBL1237066,4.0,O=C([O-])C(O)[C@H](O)[C@@H](O)[C@H](O)[C@H](O)CO.O=C([O-])C(O)[C@H](O)[C@@H](O)[C@H](O)[C@H](O)CO.[Ca+2],FATUQANACHZLRT-KMRXSBRUSA-L,490.42,490.42,,,,,,,,,,,1,0,,0,1,0
5220,699421,CHEMBL1237070,4.0,CCCCCOc1ccc(-c2cc(-c3ccc(C(=O)N[C@H]4C[C@@H](O)[C@@H](O)NC(=O)[C@@H]5[C@@H](O)[C@@H](C)CN5C(=O)[C@H]([C@H](O)CC(N)=O)NC(=O)[C@H]([C@H](O)[C@@H](O)c5ccc(O)c(OS(=O)(=O)[O-])c5)NC(=O)[C@@H]5C[C@@H](O)CN5C(=O)[C@H]([C@@H](C)O)NC4=O)cc3)no2)cc1.[Na+],KOOAFHGJVIVFMZ-WZPXRXMFSA-M,1270.29,1292.27,,,,,,,,,,,1,0,,0,1,0
5224,699450,CHEMBL1237099,4.0,COc1cc(CC2c3c(cc(OC)c(OC)c3OC)CC[N+]2(C)CCCOC(=O)CCC(=O)OCCC[N+]2(C)CCc3cc(OC)c(OC)c(OC)c3C2Cc2cc(OC)c(OC)c(OC)c2)cc(OC)c1OC.[Cl-].[Cl-],APADFLLAXHIMFU-UHFFFAOYSA-L,1035.24,1106.14,,,,,,,,,,,1,0,,0,1,0
5231,699474,CHEMBL1237123,4.0,COc1cc(CC2c3c(cc(OC)c(OC)c3OC)CC[N+]2(C)CCCOC(=O)CCC(=O)OCCC[N+]2(C)CCc3cc(OC)c(OC)c(OC)c3C2Cc2cc(OC)c(OC)c(OC)c2)cc(OC)c1OC,GBLRQXKSCRCLBZ-UHFFFAOYSA-N,1035.24,1035.24,,,,,,,,,,,0,0,,0,1,0
5260,704780,CHEMBL1255800,4.0,CCc1c(Cl)c(O)c(Cl)c(O)c1C(=O)O[C@H]1[C@H](O)[C@H](OC)[C@H](OC/C2=C\C=C\C[C@H](O)/C(C)=C/[C@H](CC)[C@@H](O[C@@H]3OC(C)(C)[C@@H](OC(=O)C(C)C)[C@H](O)[C@@H]3O)/C(C)=C/C(C)=C/C[C@@H]([C@@H](C)O)OC2=O)O[C@@H]1C,ZVGNESXIJDCBKN-UUEYKCAUSA-N,1058.05,1058.05,,,,,,,,,,,1,0,,1,0,0
5265,704925,CHEMBL1255943,1.0,Cl.N[C@@H](CCC(=O)O)C(=O)O,RPAJSBKBKSSMLJ-DFWYDOINSA-N,183.59,183.59,,,,,,,,,,,0,0,,0,0,0
5332,711799,CHEMBL1275839,3.0,CNc1ccc(C(=O)CC(O)CC[C@H](C)C2OC(=O)C[C@H](O)CC(=O)C[C@H](O)C[C@H](O)C[C@H](O)C[C@H](O)C[C@]3(O)C[C@H](O)[C@@H](C(=O)NCCN(C)C)[C@H](C[C@@H](O[C@@H]4O[C@H](C)[C@@H](O)[C@H](NC(=O)CN(C)C)[C@@H]4O)/C=C/C=C/C=C/C=C/C=C/C=C/C=C/C2C)O3)cc1.N[C@@H](CC(=O)O)C(=O)O.N[C@@H](CC(=O)O)C(=O)O,HJBVLNMWGIWYNV-VVAQEFDUSA-N,1282.58,1548.78,,,,,,,,,,,0,0,,0,0,0
5400,754676,CHEMBL1330792,4.0,CC(=O)Nc1cc([As](=O)(O)O)ccc1O,ODFJOVXVLFUVNQ-UHFFFAOYSA-N,275.09,275.09,,,,,,,,,,,1,0,,0,0,0
5757,1038391,CHEMBL1615440,2.0,CCN(C(C)=O)c1c(I)c(NC(=O)CCS(=O)(=O)CCC(=O)Nc2c(I)c(C(=O)O)c(I)c(N(CC)C(C)=O)c2I)c(I)c(C(=O)O)c1I,OZKKEKFKXIOSIV-UHFFFAOYSA-N,1374.04,1374.04,,,,,,,,,,,0,0,,0,0,0
5759,1038438,CHEMBL1615487,4.0,O=C(CCOCCOCCOCCOCCC(=O)Nc1c(I)cc(I)c(C(=O)O)c1I)Nc1c(I)cc(I)c(C(=O)O)c1I,WWVAPFRKZMUPHZ-UHFFFAOYSA-N,1287.92,1287.92,,,,,,,,,,,1,0,,0,1,0
5769,1038959,CHEMBL1616008,3.0,CNc1ccc(C(=O)CC(O)CC[C@H](C)C2OC(=O)C[C@H](O)CC(=O)C[C@H](O)C[C@H](O)C[C@H](O)C[C@H](O)C[C@]3(O)C[C@H](O)[C@@H](C(=O)NCCN(C)C)[C@H](C[C@@H](O[C@@H]4O[C@H](C)[C@@H](O)[C@H](NC(=O)CN(C)C)[C@@H]4O)/C=C/C=C/C=C/C=C/C=C/C=C/C=C/C2C)O3)cc1,UJGVOBAKMNJQEV-SBUJTFOESA-N,1282.58,1282.58,,,,,,,,,,,0,0,,0,0,0
5821,1051276,CHEMBL1628385,4.0,CC1(C)S[C@@H]2[C@H](NC(=O)Cc3ccccc3)C(=O)N2[C@H]1C(=O)O.CCN(CC)CCOC(=O)c1ccc(N)cc1,WHRVRSCEWKLAHX-LQDWTQKMSA-N,570.71,570.71,,,,,,,,,,,0,0,,0,1,0
5831,1052695,CHEMBL1630575,4.0,CC[C@H](C)C[C@H](C)CCCCCCCCC(=O)N[C@H]1C[C@@H](O)[C@@H](NCCN)NC(=O)[C@@H]2[C@@H](O)CCN2C(=O)[C@H]([C@H](O)CCN)NC(=O)[C@H]([C@H](O)[C@@H](O)c2ccc(O)cc2)NC(=O)[C@@H]2C[C@@H](O)CN2C(=O)[C@H]([C@@H](C)O)NC1=O,JYIKNQVWKBUSNH-WVDDFWQHSA-N,1093.33,1093.33,,,,,,,,,,,1,0,,0,1,0
5856,1064493,CHEMBL1651905,2.0,O=C(COCCOCCOCC(=O)Nc1c(I)cc(I)c(C(=O)O)c1I)Nc1c(I)cc(I)c(C(=O)O)c1I,JXMIBUGMYLQZGO-UHFFFAOYSA-N,1215.82,1215.82,,,,,,,,,,,1,0,,0,0,0
5873,1070837,CHEMBL1673148,2.0,C[N+](C)(CCOc1ccccc1)Cc1ccccc1.O=C([O-])c1cc2ccccc2cc1O,PMPQCPQAHTXCDK-UHFFFAOYSA-M,443.54,443.54,,,,,,,,,,,0,0,,0,0,0
5881,1076140,CHEMBL1688530,4.0,CN[C@H](CC(C)C)C(=O)N[C@H]1C(=O)N[C@@H](CC(N)=O)C(=O)N[C@H]2C(=O)N[C@H]3C(=O)N[C@H](C(=O)N[C@H](C(=O)O)c4cc(O)cc(O)c4-c4cc3ccc4O)[C@H](O[C@H]3C[C@](C)(N)[C@@H](O)[C@H](C)O3)c3ccc(c(Cl)c3)Oc3cc2cc(c3O[C@@H]2O[C@H](CO)[C@@H](O)[C@H](O)[C@H]2O[C@H]2C[C@](C)(NCc3ccc(-c4ccc(Cl)cc4)cc3)[C@@H](O)[C@H](C)O2)Oc2ccc(cc2Cl)[C@H]1O,VHFGEBVPHAGQPI-LXKZPTCJSA-N,1793.12,1793.12,,,,,,,,,,,1,0,,0,1,0
5901,1078520,CHEMBL1697756,3.0,C#C[C@]1(O)CC[C@H]2[C@@H]3CCC4=CCCC[C@@H]4[C@H]3C(=C)C[C@@]21CC.C#C[C@]1(O)CC[C@H]2[C@@H]3CCc4cc(O)ccc4[C@H]3CC[C@@]21C,MXBCYQUALCBQIJ-RYVPXURESA-N,606.89,606.89,,,,,,,,,,,0,0,,0,0,0
6090,1122108,CHEMBL1743260,3.0,CC[C@@]1(O)C(=O)OCc2c1cc1n(c2=O)Cc2cc3c(CC[Si](C)(C)C)cccc3nc2-1,SYXGVIWFCCQOEK-VWLOTQADSA-N,448.6,448.6,,,,,,,,,,,0,0,,0,0,0
6130,1152048,CHEMBL1788384,2.0,CC(=O)Nc1cc([As]2SCC(CO)S2)ccc1O,MRUDSZSRLQAPOG-UHFFFAOYSA-N,347.29,347.29,,,,,,,,,,,1,0,,0,0,0
6137,1152060,CHEMBL1788396,2.0,O=[As](O)(O)c1ccc(NCCNc2ccc([As](=O)(O)O)cc2)cc1,YQVALJGIKVYRNI-UHFFFAOYSA-N,460.15,460.15,,,,,,,,,,,0,0,,0,0,0
6461,1318664,CHEMBL1997373,2.0,CC[C@@]1(O)C(=O)OCc2c1cc1n(c2=O)Cc2c-1nc1ccccc1c2CC[Si](C)(C)C,POADTFBBIXOWFJ-VWLOTQADSA-N,448.6,448.6,,,,,,,,,,,1,0,,0,0,0
6527,1344984,CHEMBL2035460,1.0,O=c1c2ccccc2[se]n1CCn1[se]c2ccccc2c1=O,SFFSGPCYJCMDJM-UHFFFAOYSA-N,422.2,422.2,,,,,,,,,,,0,0,,0,0,0
6566,1357106,CHEMBL2063705,2.0,CNC(=O)C[C@@H]1NC(=O)c2csc(n2)-c2ccc(-c3nc(N(CCCCC(=O)O)C(=O)O[C@H]4CC[C@H](C(=O)O)CC4)cs3)nc2-c2csc(n2)-c2csc(n2)[C@H]([C@@H](O)c2ccccc2)NC(=O)CNC(=O)c2nc(sc2COC)[C@H](C(C)C)NC(=O)c2nc1sc2C,GNLYKLDXQZHYTR-LMOGNUDZSA-N,1366.64,1366.64,,,,,,,,,,,1,0,,0,0,0
6576,1359198,CHEMBL2068884,4.0,O=C([O-])[C@H]1O[C@H](O)[C@H](O)[C@@H](O)[C@@H]1O.[Na+],MSXHSNHNTORCAW-GGLLEASOSA-M,216.12,216.12,,,,,,,,,,,1,0,,0,1,0
6620,1376008,CHEMBL2103738,4.0,O.O.O.O.O=C([O-])CC(O)(CC(=O)[O-])C(=O)[O-].[Li+].[Li+].[Li+],HXGWMCJZLNWEBC-UHFFFAOYSA-K,209.92,281.98,,,,,,,,,,,0,0,,1,0,0
6626,1376018,CHEMBL2103748,2.0,CCCCCCCCOc1ccc(C(=O)N[C@H]2C[C@@H](O)[C@@H](O)NC(=O)[C@@H]3[C@@H](O)[C@@H](C)CN3C(=O)[C@H]([C@@H](C)O)NC(=O)[C@H]([C@H](O)[C@@H](O)c3ccc(O)cc3)NC(=O)[C@@H]3C[C@@H](O)CN3C(=O)[C@H]([C@@H](C)O)NC2=O)cc1,ZKZKCEAHVFVZDJ-MTUMARHDSA-N,1030.14,1030.14,,,,,,,,,,,1,0,,0,0,0
6627,1376020,CHEMBL2103750,2.0,C=C(NC(=O)c1csc(-c2nc3c(cc2O)-c2nc(cs2)C(=O)NC(C(C)O)C(=O)N/C(=C\C)c2nc(cs2)C(=O)NC2CC(O)C(=O)OCc4cccc5[nH]c(c(C)c45)C(=O)SCC(NC(=O)c4csc2n4)c2nc-3cs2)n1)C(N)=O,OQAOHXRUMXWDLQ-FPQMYIDKSA-N,1222.39,1222.39,,,,,,,,,,,1,0,,0,0,0
6679,1376104,CHEMBL2103834,2.0,CC[C@H]1OC(=O)C[C@@H](OC(C)=O)[C@H](C)[C@@H](O[C@@H]2O[C@H](C)[C@@H](O[C@H]3C[C@@](C)(O)[C@@H](OC(=O)CC(C)C)[C@H](C)O3)[C@H](N(C)C)[C@H]2O)[C@@H](CC=O)C[C@@H](C)C(=O)/C=C/C(C)=C/[C@@H]1CO[C@@H]1O[C@H](C)[C@@H](O)[C@@H](OC)[C@H]1OC,KCJJINQANFZSAM-HZDSEHBESA-N,1042.27,1042.27,,,,,,,,,,,1,0,,0,0,0
6728,1376163,CHEMBL2103893,2.0,CC(C)(COC(=O)CCC(=O)OCc1cccnc1)C(OC(=O)CCC(=O)OCc1cccnc1)C(=O)NCCC(=O)NCCSSCCNC(=O)CCNC(=O)C(OC(=O)CCC(=O)OCc1cccnc1)C(C)(C)COC(=O)CCC(=O)OCc1cccnc1,PCGCUXHCEFYPOT-UHFFFAOYSA-N,1319.48,1319.48,,,,,,,,,,,0,0,,0,0,0
6766,1376239,CHEMBL2103969,2.0,C[C@H](O)C(=O)Nc1c(I)c(C(=O)NCC(O)CNC(=O)c2c(I)c(NC(=O)[C@H](C)O)c(I)c(C(=O)NC(CO)CO)c2I)c(I)c(C(=O)NC(CO)CO)c1I,NNZBBKHCMKTQJQ-UWVGGRQHSA-N,1462.08,1462.08,,,,,,,,,,,0,0,,0,0,0
6767,1376240,CHEMBL2103970,2.0,CC(=O)N(C)c1c(I)c(C(=O)O)c(I)c(N(CC(O)COCCCCOCC(O)CN(C(C)=O)c2c(I)c(C(=O)O)c(I)c(N(C)C(C)=O)c2I)C(C)=O)c1I,PTZLONROPJVDRQ-UHFFFAOYSA-N,1458.13,1458.13,,,,,,,,,,,0,0,,0,0,0
6866,1376365,CHEMBL2104095,2.0,C[N+](C)(C)CCO.O=C([O-])c1ccccc1O,UDKCHVLMFQVBAA-UHFFFAOYSA-M,241.29,241.29,,,,,,,,,,,1,0,,0,0,0
6941,1376452,CHEMBL2104182,2.0,C[N+](C)(C)CCO.O=C([O-])[C@H](O)[C@@H](O)[C@H](O)[C@H](O)CO,UJWRGESBUBDIIB-JJKGCWMISA-M,299.32,299.32,,,,,,,,,,,0,0,,0,0,0
6973,1376487,CHEMBL2104217,2.0,O=C([O-])[C@@H](O)[C@@H](O)[C@H](O)[C@@H](O)C(=O)[O-].[Ca+2],UGZVNIRNPPEDHM-SBBOJQDXSA-L,248.2,248.2,,,,,,,,,,,1,0,,0,0,0
7092,1376619,CHEMBL2104349,2.0,O=C(CCOCCOCCOCCC(=O)Nc1c(I)cc(I)c(C(=O)O)c1I)Nc1c(I)cc(I)c(C(=O)O)c1I,WIHNMHCKXOKXHG-UHFFFAOYSA-N,1243.87,1243.87,,,,,,,,,,,0,0,,0,0,0
7121,1376674,CHEMBL2104404,2.0,CC(C)C[C@H]1C(=O)O[C@H](Cc2ccc(N3CCOCC3)cc2)C(=O)N(C)[C@@H](CC(C)C)C(=O)O[C@H](C)C(=O)N(C)[C@@H](CC(C)C)C(=O)O[C@H](Cc2ccc(N3CCOCC3)cc2)C(=O)N(C)[C@@H](CC(C)C)C(=O)O[C@H](C)C(=O)N1C,ZMQMTKVVAMWKNY-YSXLEBCMSA-N,1119.41,1119.41,,,,,,,,,,,1,0,,0,0,0
7134,1376703,CHEMBL2104433,2.0,CCCCC1C(=O)OC(C(C)C(O)CCCNC(=N)N)C(C)/C=C(\C)CCCCC(O)CC(O)CC(O)CC(O)CC(O)C(O[C@H]2O[C@H](CO)[C@@H](O)[C@@H]2O)/C=C(\C)C(O)CCCC(O)CCCC(O)CCC(C)C1O,NYWSLZMTZNODJM-MCGDBQAWSA-N,1078.43,1078.43,,,,,,,,,,,1,0,,0,0,0
7200,1376784,CHEMBL2104514,3.0,N=C(N)NCCC[C@H](N)C(=O)O.N[C@@H](CCC(=O)O)C(=O)O,RVEWUBJVAHOGKA-WOYAITHZSA-N,321.33,321.33,,,,,,,,,,,0,0,,0,0,0
7267,1376864,CHEMBL2104594,2.0,O.O=C([O-])[C@H](O)[C@@H](O)[C@H](O)[C@H](O)CO.O=C([O-])[C@H](O)[C@@H](O)[C@H](O[C@@H]1O[C@H](CO)[C@H](O)[C@H](O)[C@H]1O)[C@H](O)CO.[Ca+2],OKRXSXDSNLJCRS-NLOQLBMISA-L,592.51,610.53,,,,,,,,,,,0,0,,0,0,0
7439,1377058,CHEMBL2104788,2.0,O=C(O)c1ccccc1O.c1c[nH]cn1,XCHHJFVNQPPLJK-UHFFFAOYSA-N,206.2,206.2,,,,,,,,,,,0,0,,0,0,0
7579,1377241,CHEMBL2104971,2.0,NC(=O)c1c(I)c(C(=O)NCC(O)CO)c(I)c(N(CC(O)CO)C(=O)CC(=O)N(CC(O)CO)c2c(I)c(C(N)=O)c(I)c(C(=O)NCC(O)CO)c2I)c1I,DLPPIGPJCKKVBA-UHFFFAOYSA-N,1478.08,1478.08,,,,,,,,,,,0,0,,0,0,0
7825,1377518,CHEMBL2105248,4.0,O=C([O-])[C@H](O)[C@@H](O)C(=O)O.[K+],KYKNRZGSIGMXFH-ZVGUSBNCSA-M,188.18,188.18,,,,,,,,,,,1,0,,0,0,1
8291,1378087,CHEMBL2105817,2.0,CCCCCCCCCCCCCCCC(=O)OC1CC(C)=C(/C=C/C(C)=C/C=C/C(C)=C/C=C/C=C(C)/C=C/C=C(C)/C=C/C2=C(C)CC(OC(=O)CCCCCCCCCCCCCCC)CC2(C)C)C(C)(C)C1,XACHQDDXHDTRLX-HZXCUAKRSA-N,1045.72,1045.72,,,,,,,,,,,1,0,,0,0,0
8367,1378205,CHEMBL2105935,3.0,C[N+](C)(C)CCO.O=C([O-])C(O)C(O)C(=O)O,QWJSAWXRUVVRLH-UHFFFAOYSA-M,253.25,253.25,,,,,,,,,,,1,0,,0,0,0
8460,1378323,CHEMBL2106053,2.0,CN(Cc1cc(Br)cc(Br)c1NC(=O)[C@H](CSSC[C@H](NC(=O)OCc1ccccc1)C(=O)Nc1c(Br)cc(Br)cc1CN(C)C1CCCCC1)NC(=O)OCc1ccccc1)C1CCCCC1,UVOSLKVETODLTR-CXNSMIOJSA-N,1224.82,1224.82,,,,,,,,,,,0,0,,0,0,0
8510,1378381,CHEMBL2106111,1.0,CC(O)C(=O)[O-].CC(O)C(=O)[O-].[Ca+2],MKJXYGKVIBWPFZ-UHFFFAOYSA-L,218.22,218.22,,,,,,,,,,,1,0,,0,0,0
8517,1378389,CHEMBL2106119,4.0,O=C([O-])[C@H](O)[C@@H](O)[C@H](O)[C@H](O)CO.O=C([O-])[C@H](O)[C@@H](O)[C@H](O)[C@H](O)CO.[Ca+2],NEEHYRZPVYRGPP-IYEMJOQQSA-L,430.37,430.37,,,,,,,,,,,1,0,,0,1,0
8521,1378393,CHEMBL2106123,3.0,O=C([O-])CC(O)(CC(=O)[O-])C(=O)[O-].O=C([O-])CC(O)(CC(=O)[O-])C(=O)[O-].[Ca+2].[Ca+2].[Ca+2],FNAQSUUGMSOBHW-UHFFFAOYSA-H,498.43,498.43,,,,,,,,,,,1,0,,0,0,0
8738,1378642,CHEMBL2106372,2.0,O=C(COCC(=O)Nc1c(I)cc(I)c(C(=O)O)c1I)Nc1c(I)cc(I)c(C(=O)O)c1I,FZDZULUFHNDEDJ-UHFFFAOYSA-N,1127.71,1127.71,,,,,,,,,,,0,0,,0,0,0
8747,1378659,CHEMBL2106389,2.0,CNC(=O)c1c(I)c(NC(=O)CCCCC(=O)Nc2c(I)c(C(=O)O)c(I)c(C(=O)NC)c2I)c(I)c(C(=O)O)c1I,SMQYOVYWPWASGU-UHFFFAOYSA-N,1253.87,1253.87,,,,,,,,,,,0,0,,0,0,0
8748,1378660,CHEMBL2106390,2.0,CNC(=O)c1c(I)c(NC(=O)CCCCCCCCC(=O)Nc2c(I)c(C(=O)O)c(I)c(C(=O)NC)c2I)c(I)c(C(=O)O)c1I,RXUVYYAWLAIABB-UHFFFAOYSA-N,1309.98,1309.98,,,,,,,,,,,0,0,,0,0,0
8749,1378661,CHEMBL2106391,2.0,O=C(COCCOCCOCCOCC(=O)Nc1c(I)cc(I)c(C(=O)O)c1I)Nc1c(I)cc(I)c(C(=O)O)c1I,XPEPMWYMISJEEQ-UHFFFAOYSA-N,1259.87,1259.87,,,,,,,,,,,0,0,,0,0,0
8750,1378662,CHEMBL2106392,2.0,CNC(=O)c1c(Br)c(C(=O)NCC(=O)Nc2c(I)c(C(=O)O)c(I)c(C(=O)NCCO)c2I)c(Br)c(N(C)C(C)=O)c1Br,OJCPHFBLBNKCNX-UHFFFAOYSA-N,1127.88,1127.88,,,,,,,,,,,0,0,,0,0,0
8931,1378903,CHEMBL2106633,1.0,CCCCCCCCCCCCCCCCCC(=O)[O-].CCCCCCCCCCCCCCCCCC(=O)[O-].[Mg+2],HQKMJHAJHXVSDF-UHFFFAOYSA-L,591.26,591.26,,,,,,,,,,,1,0,,0,0,0
9208,1379233,CHEMBL2106963,2.0,C1CNCCN1.O=C([O-])CN(CCN(CC(=O)[O-])CC(=O)O)CC(=O)O.[Ca+2],ROJMAHHOFDIQTI-UHFFFAOYSA-L,416.44,416.44,,,,,,,,,,,0,0,,0,0,0
9220,1379245,CHEMBL2106975,2.0,O=C([O-])O.[K+],TYJJADVDDVDEDZ-UHFFFAOYSA-M,100.11,100.11,,,,,,,,,,,0,0,,0,0,0
9223,1379248,CHEMBL2106978,1.0,O=C([O-])[C@H](O)[C@@H](O)[C@H](O)[C@H](O)CO.[K+],HLCFGWHYROZGBI-JJKGCWMISA-M,234.25,234.25,,,,,,,,,,,1,0,,0,0,0
9390,1379462,CHEMBL2107192,2.0,C[N+](C)(C)CCO.C[N+](C)(C)CCO.O=C([O-])c1ccccc1O.O=C([O-])c1ccccc1O.O=S(=O)([O-])[O-].[Mg+2],JFFTWGWKXDKILV-UHFFFAOYSA-J,602.94,602.94,,,,,,,,,,,0,0,,0,0,0
9515,1379624,CHEMBL2107354,4.0,CCCCCCCCCCCCCCCC(=O)OC[C@H](COP(=O)([O-])OCCNC(=O)[C@H](C)NC(=O)CC[C@@H](NC(=O)[C@H](C)NC(=O)[C@@H](C)O[C@H]1[C@H](O)[C@@H](CO)OC(O)[C@@H]1NC(C)=O)C(N)=O)OC(=O)CCCCCCCCCCCCCCC.O.[Na+],SARBMGXGWXCXFW-GJHVZSAVSA-M,1237.52,1277.51,,,,,,,,,,,1,0,,0,0,0
9678,1379832,CHEMBL2107562,2.0,O=C([O-])c1cc(O)ccc1O.[Na+],MOIJZWWOFOQFMH-UHFFFAOYSA-M,176.1,176.1,,,,,,,,,,,0,0,,0,0,0
9804,1379979,CHEMBL2107709,2.0,C1CNCCN1.Oc1cc(Cl)c(Cl)cc1Cl.Oc1cc(Cl)c(Cl)cc1Cl,BNVFYGMONODIGW-UHFFFAOYSA-N,481.03,481.03,,,,,,,,,,,0,0,,0,0,0
9879,1380090,CHEMBL2107820,2.0,COc1ccc(NC(=O)[C@H](CCCCN)NC(=O)c2cc(NC(=O)[C@H](CCCCN)NC(=O)c3cc(NC(=O)[C@H](CCCCN)NC(=O)c4cc(NC(=O)[C@@H](N)CCCCN)ccc4OC)ccc3OC)ccc2OC)cc1C(N)=O,PWFIFNGOPQUNIT-ITMZJIMRSA-N,1126.33,1126.33,,,,,,,,,,,1,0,,0,0,0
10302,1383540,CHEMBL2111100,4.0,CCCCCCCCCCCCCCCC(=O)OC[C@H](COP(=O)(O)OCCNC(=O)[C@H](C)NC(=O)CC[C@@H](NC(=O)[C@H](C)NC(=O)[C@@H](C)O[C@H]1[C@H](O)[C@@H](CO)OC(O)[C@@H]1NC(C)=O)C(N)=O)OC(=O)CCCCCCCCCCCCCCC,JMUHBNWAORSSBD-WKYWBUFDSA-N,1237.52,1237.52,,,,,,,,,,,1,0,,0,0,0
10381,1413247,CHEMBL2141296,3.0,CC(C)C[C@H](NC(=O)CNC(=O)c1cc(Cl)ccc1Cl)B(O)O,MXAYKZJJDUDWDS-LBPRGKRZSA-N,361.03,361.03,,,,,,,,,,,1,0,,0,0,0
10542,1449357,CHEMBL2219546,4.0,O=C(O)CN(CCN(CC(=O)O)CC(=O)O)CCN(CC(=O)O)CC(=O)O.[Yb],OPPLBZGZONFTEA-UHFFFAOYSA-N,566.39,566.39,,,,,,,,,,,0,0,,0,1,0
10545,1449551,CHEMBL2219740,2.0,O=C([O-])[C@H](O)[C@@H](O)[C@H](O)[C@H](O)CO.O=C([O-])[C@H](O)[C@@H](O)[C@H](O[C@@H]1O[C@H](CO)[C@H](O)[C@H](O)[C@H]1O)[C@H](O)CO.[Ca+2],YPCRNBPOUVJVMU-LCGAVOCYSA-L,592.51,592.51,,,,,,,,,,,1,0,,0,0,0
10605,1529535,CHEMBL2347704,2.0,CC1(C)OB(O)c2cc(NC(=O)c3ccc(F)cc3C(F)(F)F)ccc21,PTYGDEXEGLDNAZ-UHFFFAOYSA-N,367.11,367.11,,,,,,,,,,,0,0,,0,0,0
10670,1541330,CHEMBL2365492,3.0,O=C(O)[C@@H]1O[Sb]2(O)(O[Sb]34(O)O[C@H]([C@H](O)CO)[C@H](O3)[C@H](C(=O)O)O4)O[C@H]([C@H](O)CO)[C@@H]1O2,RPOBPHCDIPHDQL-XCCFGPONSA-L,679.8,679.8,,,,,,,,,,,0,0,,0,0,0
10789,1607880,CHEMBL3093499,1.0,COc1cccc2c1C(=O)c1c(O)c3c(c(O)c1C2=O)C[C@@](O)(C(=O)CO)C[C@@H]3O[C@H]1C[C@H](NC(=O)[C@H](CC(C)C)NC(=O)[C@H](CO)NC(=O)[C@H](CCC(N)=O)NC(=O)[C@@H](NC(=O)[C@H](CO)NC(=O)[C@H](C)NC(=O)[C@@H]2C[C@@H](O)CN2C(=O)CCCC(=O)O)C2CCCCC2)[C@H](O)[C@H](C)O1,CZXGBIFEWYVYJY-NPLULESDSA-N,1396.46,1396.46,,,,,,,,,,,0,0,,0,0,0
10892,1674277,CHEMBL3184986,4.0,CC(=O)[O-].CC(=O)[O-].O.O.[Zn+2],BEAZKUGSCHFXIQ-UHFFFAOYSA-L,183.48,219.51,,,,,,,,,,,0,0,,1,1,0
10946,1740002,CHEMBL3247378,2.0,C[As](C)SC[C@H](NC(=O)CC[C@H](N)C(=O)O)C(=O)NCC(=O)O,JGDXFQORBMPJGR-YUMQZZPRSA-N,411.31,411.31,,,,,,,,,,,1,0,,0,0,0
10998,1763589,CHEMBL3301627,4.0,CN1Cc2c(Cl)cc(Cl)cc2[C@H](c2cccc(S(=O)(=O)NCCOCCOCCNC(=O)NCCCCNC(=O)NCCOCCOCCNS(=O)(=O)c3cccc([C@@H]4CN(C)Cc5c(Cl)cc(Cl)cc54)c3)c2)C1.Cl.Cl,VFRAXTZDILCRKY-OWRGXFNZSA-N,1145.07,1217.99,,,,,,,,,,,0,0,,1,0,0
11004,1763643,CHEMBL3301672,3.0,CCCCCC/C=C\CCCCCCCCCC(=O)N[C@H]1[C@H](OC[C@H]2O[C@H](OP(=O)([O-])[O-])[C@H](NC(=O)CC(=O)CCCCCCCCCCC)[C@@H](OCCCCCCCCCC)[C@@H]2O)O[C@H](COC)[C@@H](OP(=O)([O-])[O-])[C@@H]1OCC[C@@H](CCCCCCC)OC.[Na+].[Na+].[Na+].[Na+],FEMINZOAAWPBPP-RHMAUSBNSA-J,1313.68,1401.6,,,,,,,,,,,1,0,,0,0,0
11012,1766456,CHEMBL3304485,4.0,CN1Cc2c(Cl)cc(Cl)cc2[C@H](c2cccc(S(=O)(=O)NCCOCCOCCNC(=O)NCCCCNC(=O)NCCOCCOCCNS(=O)(=O)c3cccc([C@@H]4CN(C)Cc5c(Cl)cc(Cl)cc54)c3)c2)C1,DNHPDWGIXIMXSA-CXNSMIOJSA-N,1145.07,1145.07,,,,,,,,,,,1,0,,1,0,0
11024,1782496,CHEMBL3317857,4.0,O=C(O)C[C@@H]1CC[C@H](NC(=O)Cc2cccs2)B(O)O1,IOOWNWLVCOUUEX-WPRPVWTQSA-N,297.14,297.14,,,,,,,,,,,1,0,,0,1,0
11115,1926826,CHEMBL3544977,2.0,COC(=O)N[C@H](C(=O)N1[C@H](c2nc3cc(-c4cc5ccc4CCc4ccc(c(-c6ccc7[nH]c([C@@H]8C[C@@H]9CCCC[C@@H]9N8C(=O)[C@@H](NC(=O)OC)C(C)C)nc7c6)c4)CC5)ccc3[nH]2)C[C@@H]2CCCC[C@@H]21)C(C)C,LSYBRGMTRKJATA-IVEWBXRVSA-N,1001.29,1001.29,,,,,,,,,,,1,0,,0,0,0
11141,1926913,CHEMBL3545064,2.0,CC(C)[C@H](N)C(=O)N1CCC[C@H]1B(O)O.CS(=O)(=O)O,OXYYOEIGQRXGPI-WSZWBAFRSA-N,214.07,310.18,,,,,,,,,,,0,0,,0,0,0
11152,1926972,CHEMBL3545123,4.0,COC(=O)N[C@H](C(=O)N1CCC[C@H]1c1nc2cc([C@H]3CC[C@H](c4cc5nc([C@@H]6CCCN6C(=O)[C@@H](NC(=O)OC)[C@@H](C)OC)[nH]c5cc4F)N3c3cc(F)c(N4CCC(c5ccc(F)cc5)CC4)c(F)c3)c(F)cc2[nH]1)[C@@H](C)OC,VJYSBPDEJWLKKJ-NLIMODCCSA-N,1113.2,1113.2,,,,,,,,,,,0,0,,1,0,0
11228,1927281,CHEMBL3545432,4.0,CC(C)C[C@H](NC(=O)CNC(=O)c1cc(Cl)ccc1Cl)B1OC(=O)C(CC(=O)O)(CC(=O)O)O1,MBOMYENWWXQSNW-AWEZNQCLSA-N,517.13,517.13,,,,,,,,,,,0,1,,1,0,0
11232,1930988,CHEMBL3549142,2.0,NC[C@H]1OB(O)c2c(OCCCO)cccc21,FXQIIDINBDJDKL-SNVBAGLBSA-N,237.06,237.06,,,,,,,,,,,1,0,,0,0,0
11366,2039234,CHEMBL3707263,2.0,C[C@H](C[Se]CC(=O)NCCS(=O)(=O)O)[C@H]1CC[C@H]2[C@@H]3[C@H](O)C[C@@H]4C[C@H](O)CC[C@]4(C)[C@H]3C[C@H](O)[C@]12C,JCMLWGQJPSGGEI-HZAMXZRMSA-N,594.67,594.67,,,,,,,,,,,0,0,,0,0,0
11376,2039261,CHEMBL3707290,4.0,C=C(CCCCCCCCCCCCCCCc1nnn[nH]1)NS(=O)(=O)CCCC(=O)NCCOCCOCC(=O)N[C@@H](CCC(=O)N[C@@H](CCC(=O)NCCOCCOCC(=O)N[C@@H](CCCCNC(=O)CSC[C@H](N)C(=O)O)C(N)=O)C(=O)O)C(=O)O,NAKSIOUBFDBTSW-ITMZJIMRSA-N,1308.59,1308.59,,,,,,,,,,,0,0,,0,1,0
11433,2039417,CHEMBL3707446,3.0,C[C@@H]1O[C@@H](O[C@@H]2[C@@H](NC(=O)c3cc(=O)[nH]c(=O)[nH]3)C[C@@H](C(=O)NCCNC(=O)COCCOCC(=O)Nc3cc(S(=O)(=O)O)cc4cc(S(=O)(=O)O)cc(S(=O)(=O)O)c34)C[C@H]2O[C@@H]2O[C@H](CO)[C@H](O)[C@H](O[C@@H](CC3CCCCC3)C(=O)O)[C@H]2OC(=O)c2ccccc2)[C@@H](O)[C@H](O)[C@@H]1O,VXBNTHRZPJLRSS-PTCSXESPSA-N,1447.44,1447.44,,,,,,,,,,,1,0,,0,0,0
11479,2096352,CHEMBL3833301,2.0,CCC1(c2ccccc2)C(=O)NC(=O)NC1=O.CNC(C)CC1CCCCC1,MJCBWPMBFCUHBP-UHFFFAOYSA-N,387.52,387.52,,,,,,,,,,,1,0,,0,0,0
11483,2096367,CHEMBL3833316,2.0,C[C@@H]1O[C@@H](O[C@@H]2[C@@H](NC(=O)c3cc(=O)[nH]c(=O)[nH]3)C[C@@H](C(=O)NCCNC(=O)COCCOCC(=O)Nc3cc(S(=O)(=O)[O-])cc4cc(S(=O)(=O)[O-])cc(S(=O)(=O)[O-])c34)C[C@H]2O[C@@H]2O[C@H](CO)[C@H](O)[C@H](O[C@@H](CC3CCCCC3)C(=O)[O-])[C@H]2OC(=O)c2ccccc2)[C@@H](O)[C@H](O)[C@@H]1O.[Na+].[Na+].[Na+].[Na+],QQDCIMVGFXSAJH-DJFGCAFRSA-J,1447.44,1535.37,,,,,,,,,,,1,0,,0,0,0
11485,2096376,CHEMBL3833325,2.0,CC(=O)Oc1ccccc1C(=O)[O-].CC(=O)Oc1ccccc1C(=O)[O-].NC(N)=O.[Ca+2],VYMUGTALCSPLDM-UHFFFAOYSA-L,420.37,458.44,,,,,,,,,,,1,0,,0,0,0
11487,2096384,CHEMBL3833333,3.0,C=C(C)[C@@H]1CCC(C)=C[C@H]1c1c(O)cc(CCCCC)cc1O.CCCCCc1cc(O)c2c(c1)OC(C)(C)[C@@H]1CCC(C)=C[C@@H]21,SSNHGLKFJISNTR-DYSNNVSPSA-N,628.94,628.94,,,,,,,,,,,0,0,,0,0,0
11488,2096386,CHEMBL3833335,2.0,C[N+](C)(C)CC(=O)[O-].OC(O)C(Cl)(Cl)Cl,ONAOIDNSINNZOA-UHFFFAOYSA-N,282.55,282.55,,,,,,,,,,,1,0,,0,0,0
11493,2096402,CHEMBL3833351,2.0,O.O.O.O.O=C([O-])[O-].[Al+3].[Al+3].[Mg+2].[Mg+2].[Mg+2].[Mg+2].[Mg+2].[Mg+2].[OH-].[OH-].[OH-].[OH-].[OH-].[OH-].[OH-].[OH-].[OH-].[OH-].[OH-].[OH-].[OH-].[OH-].[OH-].[OH-],PWZFXELTLAQOKC-UHFFFAOYSA-A,531.91,603.97,,,,,,,,,,,0,0,,0,0,0
11494,2096405,CHEMBL3833354,2.0,NC(=S)NS(=O)(=O)c1ccc(N)cc1.NCc1ccc(S(N)(=O)=O)cc1,ZLYHTQKHXIVMLY-UHFFFAOYSA-N,417.54,417.54,,,,,,,,,,,0,0,,0,0,0
11496,2096412,CHEMBL3833361,2.0,CC(CN1c2ccccc2Sc2ccccc21)N(C)C.Cn1c(=O)c2[nH]c(Cl)nc2n(C)c1=O,YCXARMXCESBEDS-UHFFFAOYSA-N,499.04,499.04,,,,,,,,,,,0,0,,0,0,0
11500,2096428,CHEMBL3833377,3.0,O=C([O-])[C@H](O)[C@@H](O)[C@H](O)[C@H](O)CO.O=C([O-])[C@H](O)[C@@H](O)[C@H](O)[C@H](O)CO.[Zn+2],WHMDKBIGKVEYHS-IYEMJOQQSA-L,455.68,455.68,,,,,,,,,,,1,0,,0,0,0
11501,2096429,CHEMBL3833378,2.0,CC1(C)S[C@@H]2[C@H](NC(=O)COc3ccccc3)C(=O)N2[C@H]1C(=O)O.CN(C)[C@@H]1C(O)=C(C(=O)NCN2CCN(CCO)CC2)C(=O)[C@@]2(O)C(O)=C3C(=O)c4c(O)cccc4[C@@](C)(O)[C@H]3C[C@@H]12,MEGKRPMNPGTIIG-VNYBMUHKSA-N,937.04,937.04,,,,,,,,,,,0,0,,0,0,0
11505,2096455,CHEMBL3833404,2.0,CC(=O)Oc1ccccc1C(=O)O.CC(=O)Oc1ccccc1C(=O)O.NC(N)=O,QABKVYJFABZYAM-UHFFFAOYSA-N,420.37,420.37,,,,,,,,,,,0,0,,0,0,0
11506,2096460,CHEMBL3833409,2.0,O=C([O-])[O-].[Al+3].[Al+3].[Mg+2].[Mg+2].[Mg+2].[Mg+2].[Mg+2].[Mg+2].[OH-].[OH-].[OH-].[OH-].[OH-].[OH-].[OH-].[OH-].[OH-].[OH-].[OH-].[OH-].[OH-].[OH-].[OH-].[OH-],GDVKFRBCXAPAQJ-UHFFFAOYSA-A,531.91,531.91,,,,,,,,,,,0,0,,0,0,0
11535,2133522,CHEMBL3924151,2.0,CNC(=N)NCCC[C@H](NC(=O)[C@H](CC(C)C)NC(=O)NNC(=O)[C@H](Cc1ccccc1)NC(=O)[C@@H](NC(=O)[C@H](CC(N)=O)NC(=O)[C@@H]1C[C@@H](O)CN1C(=O)[C@@H](Cc1ccc(O)cc1)NC(C)=O)[C@@H](C)O)C(=O)N[C@@H](Cc1c[nH]c2ccccc12)C(N)=O,MWXWMWSUUYXMRA-GRKBUMBKSA-N,1225.38,1225.38,,,,,,,,,,,1,0,,0,0,0
11585,2197284,CHEMBL3989413,2.0,COc1cc([C@@H]2c3cc4c(cc3[C@@H](O[C@@H]3O[C@@H]5CO[C@@H](C)O[C@H]5[C@H](OC(=O)COc5c(F)c(F)c(F)c(F)c5F)[C@H]3OC(=O)COc3c(F)c(F)c(F)c(F)c3F)[C@H]3COC(=O)[C@H]23)OCO4)cc(OC)c1OP(=O)(O)O,RTJVUHUGTUDWRK-CSLCKUBZSA-N,1116.71,1116.71,,,,,,,,,,,0,0,,0,0,0
11588,2197288,CHEMBL3989417,2.0,CN(CCN(C)CNC(=O)C1=C(O)[C@@H](N(C)C)[C@@H]2C[C@H]3C(=C(O)[C@]2(O)C1=O)C(=O)c1c(O)cccc1[C@@]3(C)O)CNC(=O)C1=C(O)[C@@H](N(C)C)[C@@H]2C[C@H]3C(=C(O)[C@]2(O)C1=O)C(=O)c1c(O)cccc1[C@@]3(C)O,BZUKDLNEDCDORL-ULRSWZSCSA-N,1001.06,1001.06,,,,,,,,,,,1,0,,0,0,0
11642,2197351,CHEMBL3989480,3.0,O=C([O-])CC(O)(CC(=O)[O-])C(=O)[O-].O=C([O-])CC(O)(CC(=O)[O-])C(=O)[O-].[Mg+2].[Mg+2].[Mg+2],PLSARIKBYIPYPF-UHFFFAOYSA-H,451.11,451.11,,,,,,,,,,,1,0,,0,0,0
11668,2197378,CHEMBL3989507,4.0,O.O.O=C([O-])CN(CCN(CC(=O)[O-])CC(=O)O)CC(=O)O.[Na+].[Na+],OVBJJZOQPCKUOR-UHFFFAOYSA-L,336.21,372.24,,,,,,,,,,,1,0,,0,1,0
11682,2197393,CHEMBL3989522,4.0,O.O=C([O-])CN(CCN(CC(=O)[O-])CC(=O)[O-])CC(=O)[O-].[Ca+2].[Na+].[Na+],JHECKPXUCKQCSH-UHFFFAOYSA-J,374.27,392.29,,,,,,,,,,,0,0,,1,1,0
11688,2197400,CHEMBL3989529,4.0,CCCCCCCC/C=C\CCCCCCCC(=O)O.NCCO,KGWDUNBJIMUFAP-KVVVOXFISA-N,343.55,343.55,,,,,,,,,,,0,0,,0,1,0
11794,2197519,CHEMBL3989648,2.0,C[N+](C)(C)CCO.C[N+](C)(C)CCO.O.O.O.O.O=C([O-])c1ccccc1O.O=C([O-])c1ccccc1O.O=S(=O)([O-])[O-].[Mg+2],GQVWFGYYMWLERN-UHFFFAOYSA-J,602.94,675.0,,,,,,,,,,,0,0,,0,0,0
11823,2197549,CHEMBL3989678,4.0,C1CNCCN1.C1CNCCN1.C1CNCCN1.O.O=C(O)CC(O)(CC(=O)O)C(=O)O.O=C(O)CC(O)(CC(=O)O)C(=O)O,LWMBPKJYEQGDLN-UHFFFAOYSA-N,642.66,660.67,,,,,,,,,,,0,0,,1,0,0
11833,2197559,CHEMBL3989688,2.0,CC(/C=C/C=C1/N(CCS(=O)(=O)[O-])c2ccc(S(=O)(=O)[O-])cc2C1(C)C)=C\C=C\C1=[N+](CCS(=O)(=O)[O-])c2ccc(S(=O)(=O)[O-])cc2C1(C)C.[H+].[H+].[H+],WKWHOLCUESSZIQ-UHFFFAOYSA-N,770.93,770.93,,,,,,,,,,,1,0,,0,0,0
11841,2197569,CHEMBL3989698,4.0,N[C@@H]1C[C@H]1c1ccccc1.N[C@H]1C[C@@H]1c1ccccc1.O=S(=O)(O)O,BKPRVQDIOGQWTG-ICOOEGOYSA-N,266.39,364.47,,,,,,,,,,,0,0,,1,0,0
11843,2197571,CHEMBL3989700,2.0,CO[C@@H]1[C@@H](OC(=O)c2ccc(C)[nH]2)[C@@H](O)[C@@H](Oc2ccc3c(O)c(NC(=O)c4c[nH]c(C(=O)Nc5c(O)c6ccc(O[C@H]7OC(C)(C)[C@H](OC)[C@@H](OC(=O)c8ccc(C)[nH]8)[C@H]7O)c(C)c6oc5=O)c4C)c(=O)oc3c2C)OC1(C)C,WTIJXIZOODAMJT-WBACWINTSA-N,1110.09,1110.09,,,,,,,,,,,1,0,,0,0,0
11848,2197576,CHEMBL3989705,2.0,CCC(=O)[O-].O.[Na+],HOAUAOBUGFYWMK-UHFFFAOYSA-M,96.06,114.08,,,,,,,,,,,0,0,,0,0,0
11892,2197626,CHEMBL3989755,2.0,CC(CCC(=O)Oc1ccc(C2(c3ccc(OC(=O)CCC(C)[C@H]4CC[C@H]5[C@@H]6C(=O)CC7CC(=O)CC[C@]7(C)[C@H]6CC(=O)[C@]45C)cc3)C(=O)Nc3ccccc32)cc1)[C@H]1CC[C@H]2[C@@H]3C(=O)CC4CC(=O)CC[C@]4(C)[C@H]3CC(=O)[C@]12C,LKJGKLIBASNLKR-NILNNKIFSA-N,1086.38,1086.38,,,,,,,,,,,1,0,,0,0,0
11899,2197637,CHEMBL3989766,4.0,CN[C@H](CC(C)C)C(=O)N[C@H]1C(=O)N[C@@H](CC(N)=O)C(=O)N[C@H]2C(=O)N[C@H]3C(=O)N[C@H](C(=O)N[C@H](C(=O)O)c4cc(O)cc(O)c4-c4cc3ccc4O)[C@H](O[C@H]3C[C@](C)(N)[C@@H](O)[C@H](C)O3)c3ccc(c(Cl)c3)Oc3cc2cc(c3O[C@@H]2O[C@H](CO)[C@@H](O)[C@H](O)[C@H]2O[C@H]2C[C@](C)(NCc3ccc(-c4ccc(Cl)cc4)cc3)[C@@H](O)[C@H](C)O2)Oc2ccc(cc2Cl)[C@H]1O.O=P(O)(O)O.O=P(O)(O)O,PWTROOMOPLCZHB-BHYQHFGMSA-N,1793.12,1989.11,,,,,,,,,,,0,0,,0,1,0
11930,2197677,CHEMBL3989806,4.0,CNC[C@H](O)[C@@H](O)[C@H](O)[C@H](O)CO.CNC[C@H](O)[C@@H](O)[C@H](O)[C@H](O)CO.O=C(CCCCC(=O)Nc1c(I)cc(I)c(C(=O)O)c1I)Nc1c(I)cc(I)c(C(=O)O)c1I,DGIAUNUPXILTJW-VRWDCWMNSA-N,1139.76,1530.19,,,,,,,,,,,0,0,,0,1,1
11945,2197693,CHEMBL3989822,4.0,O.O=C([O-])CC(O)(CC(=O)[O-])C(=O)[O-].[K+].[K+].[K+],PJAHUDTUZRZBKM-UHFFFAOYSA-K,306.39,324.41,,,,,,,,,,,0,0,,1,0,0
11965,2197714,CHEMBL3989843,4.0,N[C@@H]1C[C@H]1c1ccccc1.N[C@H]1C[C@@H]1c1ccccc1,IGLYMJRIWWIQQE-QUOODJBBSA-N,266.39,266.39,,,,,,,,,,,0,0,,1,0,0
11978,2197729,CHEMBL3989858,4.0,CC(=O)[O-].CC(=O)[O-].O.O.O.O.[Mg+2],XKPKPGCRSHFTKM-UHFFFAOYSA-L,142.39,214.45,,,,,,,,,,,0,0,,0,1,0
11985,2197736,CHEMBL3989865,2.0,C/C=C(/C)C(=O)O[C@H]1C(C)=C2[C@H]([C@@H]1OC(=O)CCCCCCC)[C@@](C)(OC(C)=O)C[C@H](OC(=O)CCCCCCCCCCCNC(=O)C[C@H](N)C(=O)N[C@@H](CCC(=O)N[C@@H](CCC(=O)N[C@@H](CCC(=O)N[C@@H](CCC(=O)O)C(=O)O)C(=O)O)C(=O)O)C(=O)O)[C@@]1(O)[C@H]2OC(=O)[C@@]1(C)O,UPYNTAIBQVNPIH-ODMLWHIESA-N,1409.54,1409.54,,,,,,,,,,,1,1,,0,0,0
12041,2197799,CHEMBL3989928,4.0,CC(=O)[O-].CCCCCOc1ccc(-c2ccc(-c3ccc(C(=O)N[C@H]4C[C@@H](O)[C@@H](OCC[N+](C)(C)C)NC(=O)[C@@H]5[C@@H](O)[C@@H](C)CN5C(=O)[C@H]([C@@H](C)O)NC(=O)[C@H]([C@H](O)[C@@H](O)c5ccc(O)cc5)NC(=O)[C@@H]5C[C@@H](O)CN5C(=O)[C@H]([C@@H](C)O)NC4=O)cc3)cc2)cc1,MXMWJAPNUIKPGF-YOFVRWEXSA-N,1226.41,1285.46,,,,,,,,,,,1,0,,0,1,0
12056,2197816,CHEMBL3989945,4.0,CCCCCOc1ccc(-c2ccc(-c3ccc(C(=O)N[C@H]4C[C@@H](O)[C@@H](OCC[N+](C)(C)C)NC(=O)[C@@H]5[C@@H](O)[C@@H](C)CN5C(=O)[C@H]([C@@H](C)O)NC(=O)[C@H]([C@H](O)[C@@H](O)c5ccc(O)cc5)NC(=O)[C@@H]5C[C@@H](O)CN5C(=O)[C@H]([C@@H](C)O)NC4=O)cc3)cc2)cc1,LNFCWEXGZIEGJW-TXSVMFMRSA-O,1226.41,1226.41,,,,,,,,,,,1,0,,0,1,0
12076,2197842,CHEMBL3989971,3.0,CC[C@H]1C[C@@H](C(=O)NCCNC(=O)CCOCCOCCOCCOCCOCCOCCOCCOCCOCCOCCOCCOC)C[C@@H](O[C@@H]2O[C@H](CO)[C@H](O)[C@H](O[C@@H](CC3CCCCC3)C(=O)O)[C@H]2NC(C)=O)[C@@H]1O[C@@H]1O[C@@H](C)[C@@H](O)[C@@H](O)[C@@H]1O,LYSYOXNOOPBOSC-NGSKMYNLSA-N,1304.53,1304.53,,,,,,,,,,,1,0,,0,0,0
12085,2198067,CHEMBL3990196,2.0,Cc1c(N)nc([C@H](CC(N)=O)NC[C@H](N)C(N)=O)nc1C(=O)N[C@H](C(=O)N[C@H](C)[C@@H](O)[C@H](C)C(=O)N[C@H](C(=O)NCCc1nc(-c2nc(C(=O)NCCCN[C@@H](C)c3ccccc3)cs2)cs1)[C@@H](C)O)[C@@H](O[C@@H]1O[C@@H](CO)[C@@H](O)[C@H](O)[C@@H]1O[C@H]1O[C@H](CO)[C@@H](O)[C@H](OC(N)=O)[C@@H]1O)c1c[nH]cn1,QIMGFXOHTOXMQP-GFAGFCTOSA-N,1473.61,1473.61,,,,,,,,,,,1,0,,0,0,0
12095,2198565,CHEMBL3990694,4.0,C1CNCCN1.C1CNCCN1.C1CNCCN1.O=C(O)CC(O)(CC(=O)O)C(=O)O.O=C(O)CC(O)(CC(=O)O)C(=O)O,JDDHUROHDHPVIO-UHFFFAOYSA-N,642.66,642.66,,,,,,,,,,,0,0,,1,0,0
12175,2255729,CHEMBL4116378,2.0,NC[C@H]1OB(O)c2c(OCCO)ccc(Cl)c21,DJUOWOXTPXUHDQ-MRVPVSSYSA-N,257.48,257.48,,,,,,,,,,,0,0,,0,0,0
12212,2296422,CHEMBL4218271,2.0,C[C@H](N)C(=O)N1C[C@H](CCCB(O)O)[C@](N)(C(=O)O)C1,ZZJLMZYUGLJBSO-LAEOZQHASA-N,287.12,287.12,,,,,,,,,,,0,0,,0,0,0
12240,2334770,CHEMBL4296719,3.0,O=C(CN[C@@H]1CCNC1)N1CCC[C@H]1B(O)O,DVJAMEIQRSHVKC-BDAKNGLRSA-N,241.1,241.1,,,,,,,,,,,1,0,,0,0,0
12244,2335036,CHEMBL4297065,4.0,CC[C@H]1CCC[C@H](O[C@H]2CC[C@H](N(C)C)[C@@H](C)O2)[C@@H](C)C(=O)C2=C[C@@H]3[C@@H](C=C(C)[C@@H]4C[C@@H](O[C@@H]5O[C@@H](C)[C@H](OC)[C@@H](OC)[C@H]5OC)C[C@@H]34)[C@@H]2CC(=O)O1.CC[C@H]1CCC[C@H](O[C@H]2CC[C@H](N(C)C)[C@@H](C)O2)[C@@H](C)C(=O)C2=C[C@H]3[C@@H]4C[C@H](O[C@@H]5O[C@@H](C)[C@H](OC)[C@@H](OC)[C@H]5OC)C[C@H]4C=C[C@H]3C2CC(=O)O1,JFLRKDZMHNBDQS-UCQUSYKYSA-N,1477.96,1477.96,,,,,,,,,,,1,0,,0,0,1
12289,2335174,CHEMBL4297203,3.0,O=C(CN[C@@H]1CCNC1)N1CCC[C@H]1B(O)O.O=C(O)C(O)C(O)C(=O)O,SVWHNLVZPGXBNS-RJUBDTSPSA-N,241.1,391.19,,,,,,,,,,,0,0,,0,0,0
12291,2335180,CHEMBL4297209,2.0,COCCOCCOCCOc1cccc(C2=N[C@@](C)(C(=O)[O-])CS2)c1O.O[Mg+],MVAWDZLMOYASSX-JPKZNVRTSA-L,439.77,439.77,,,,,,,,,,,0,0,,0,0,0
12312,2335230,CHEMBL4297259,2.0,CC1(C)CN[Se]c2ccccc21,FXRYWOJYVGJZLE-UHFFFAOYSA-N,226.18,226.18,,,,,,,,,,,1,0,,0,0,0
12400,2335344,CHEMBL4297373,2.0,C[C@@H](O)[C@@H]1NC(=O)[C@H](CCCCN)NC(=O)[C@@H](Cc2c[nH]c3ccccc23)NC(=O)[C@H](Cc2cccc3ccccc23)NC(=O)[C@@H](NC(=O)[C@@H](Cc2ccccc2)NC(=O)CN2CCN(CC(=O)O)CCN(CC(=O)O)CCN(CC(=O)O)CC2)CSSC[C@@H](C(=O)N[C@H](CO)[C@@H](C)O)NC1=O,PZCJTYVWTGPGOH-OKVMNLLFSA-N,1455.73,1455.73,,,,,,,,,,,0,0,,0,0,0
12408,2335352,CHEMBL4297381,2.0,CCC(COC(=O)c1cc(OC)c(OC)c(OC)c1)(c1ccccc1)N(C)C.NC(=S)c1cccc(S(=O)(=O)O)c1,ACKBGPXURGPUEW-UHFFFAOYSA-N,604.75,604.75,,,,,,,,,,,0,0,,0,0,0
12418,2335362,CHEMBL4297391,2.0,CCCCCCCCCCCCCCCC(=O)OC[C@H](COC(=O)[C@H](C)NC(=O)CC[C@@H](NC(=O)[C@H](C)NC(=O)[C@@H](C)O[C@@H]([C@H](O[C@@H]1O[C@H](CO)[C@@H](O)[C@H](O)[C@H]1NC(C)=O)[C@H](O)CO)[C@H](C=O)NC(C)=O)C(N)=O)OC(=O)CCCCCCCCCCCCCCC,DNUXJWBKTMJNEP-JVSLBXKQSA-N,1317.66,1317.66,,,,,,,,,,,0,0,,0,0,0
12438,2335383,CHEMBL4297412,4.0,CC1(C)C(/C=C/C2=C(Oc3ccc(C[C@H](NC(=O)c4ccc(NCc5cnc6nc(N)[nH]c(=O)c6n5)cc4)C(=O)[O-])cc3)/C(=C/C=C3\N(CCCCS(=O)(=O)[O-])c4ccc(S(=O)(=O)[O-])cc4C3(C)C)CCC2)=[N+](CCCCS(=O)(=O)[O-])c2ccc(S(=O)(=O)[O-])cc21.[H+].[H+].[H+].[H+],PDXNSXLPXJFETD-DYVQZXGMSA-N,1326.52,1326.52,,,,,,,,,,,0,0,,0,1,0
12462,2335412,CHEMBL4297441,3.0,CC/C=C\C/C=C\C/C=C\C/C=C\C/C=C\C/C=C\CCC(=O)O[C@@H](C(=O)O[C@H]1C[C@@]2(O)[C@@H](OC(=O)c3ccccc3)[C@@H]3[C@]4(OC(C)=O)CO[C@@H]4C[C@H](O)[C@@]3(C)C(=O)[C@H](OC(C)=O)C(=C1C)C2(C)C)[C@@H](NC(=O)c1ccccc1)c1ccccc1,LRCZQSDQZJBHAF-PUBGEWHCSA-N,1164.4,1164.4,,,,,,,,,,,1,1,,0,0,0
12495,2335451,CHEMBL4297480,2.0,O=C(Nc1ccc(F)cc1)c1cnc(SCc2cc(OC(F)(F)F)ccc2B(O)O)nc1,SDUDZBCEHIZMFZ-UHFFFAOYSA-N,467.21,467.21,,,,,,,,,,,0,0,,0,0,0
12502,2335458,CHEMBL4297487,2.0,CC[C@@H]1NC(=O)[C@H]([C@H](O)[C@H](C)CCCCCCNC(C)=O)N(C)C(=O)[C@H](C(C)C)N(C)C(=O)[C@H](CC(C)C)N(C)C(=O)[C@H](CC(C)C)N(C)C(=O)[C@@H](C)NC(=O)[C@H](C)NC(=O)[C@H](CC(C)C)N(C)C(=O)[C@H](C(C)C)NC(=O)[C@H](CC(C)C)N(C)C(=O)[C@@H](C)N(C)C1=O,KBARHGHBFILILC-NGIJKBHDSA-N,1303.78,1303.78,,,,,,,,,,,0,0,,0,0,0
12511,2335467,CHEMBL4297496,2.0,CCCCCCCCCCCCCCCCCC(=O)OCC(CSSc1ccc(COC(=O)N2[C@H]3[C@@H]2CN2C4=C(C(=O)C(N)=C(C)C4=O)[C@@H](COC(N)=O)[C@@]32OC)cc1)OC(=O)CCCCCCCCCCCCCCCCC,LIHIIWJRSSLKKX-YCTALCSSSA-N,1139.62,1139.62,,,,,,,,,,,0,0,,0,0,0
12530,2335486,CHEMBL4297515,2.0,CCCc1nn(C)c2c(=O)[nH]c(-c3cc(S(=O)(=O)N4CCN(CCOC(=O)OCCN5CCN(S(=O)(=O)c6ccc(OCC)c(-c7nc8c(CCC)nn(C)c8c(=O)[nH]7)c6)CC5)CC4)ccc3OCC)nc12,MVYUCRDXZXLFSB-UHFFFAOYSA-N,1035.22,1035.22,,,,,,,,,,,1,1,,0,0,0
12610,2335626,CHEMBL4297655,2.0,CCCCCCCC/C=C\CCCCCCCCCCCC(=O)OCC(COC(=O)CCCCCCCCCCC/C=C\CCCCCCCC)OC(=O)CCCCCCCCCCC/C=C\CCCCCCCC,XDSPGKDYYRNYJI-IUPFWZBJSA-N,1053.78,1053.78,,,,,,,,,,,1,0,,0,0,0
12613,2335629,CHEMBL4297658,3.0,O=C(O)[C@@H]1CCCN1.OC[C@H]1O[C@@H](c2ccc(F)c(Cc3cc4ccccc4s3)c2)[C@H](O)[C@@H](O)[C@@H]1O,TUVGWWULBZIUBS-FVYIYGEMSA-N,519.59,519.59,,,,,,,,,,,0,0,,0,0,0
12618,2335634,CHEMBL4297663,3.0,Cn1c(=O)c2c(ncn2CC(=O)O)n(C)c1=O.Nc1c(Br)cc(Br)cc1CN[C@H]1CC[C@H](O)CC1,IPUHJDQWESJTGD-PFWPSKEQSA-N,616.31,616.31,,,,,,,,,,,1,0,,0,0,0
12642,2336114,CHEMBL4298143,1.0,Cc1cccc2c(OC(=O)N(CCOCCO)CCN(C)C(=O)OCc3ccc(NC(=O)[C@H](CCCNC(N)=O)NC(=O)[C@@H](NC(=O)OCCOCCN4C(=O)C=CC4=O)C(C)C)cc3)cc3c(c12)[C@H](CCl)CN3C(=O)c1cn2cc(NC(=O)c3ccc(O)cc3)ccc2n1,RFQYSAASDBNNDZ-UCGHAGIGSA-N,1331.83,1331.83,,,,,,,,,,,0,0,,0,0,0
12660,2336133,CHEMBL4298162,2.0,CC1(C)C(/C=C/C2=C(Oc3ccc(S(=O)(=O)O)cc3)/C(=C/C=C3/N(CCCCS(=O)(=O)O)c4ccc(S(=O)(=O)O)cc4C3(C)C)CCC2)=[N+](CCCCS(=O)(=O)[O-])c2ccc(S(=O)(=O)O)cc21,FRMYEKPWHJAHIO-UHFFFAOYSA-N,1025.23,1025.23,,,,,,,,,,,0,0,,0,0,0
12661,2336134,CHEMBL4298163,1.0,CC1(C)C(/C=C/C2=C(Oc3ccc(S(=O)(=O)[O-])cc3)/C(=C/C=C3/N(CCCCS(=O)(=O)[O-])c4ccc(S(=O)(=O)[O-])cc4C3(C)C)CCC2)=[N+](CCCCS(=O)(=O)[O-])c2ccc(S(=O)(=O)[O-])cc21.[Na+].[Na+].[Na+].[Na+],SFJHDNDCNUTGQM-UHFFFAOYSA-J,1025.23,1113.16,,,,,,,,,,,0,0,,0,0,0
12676,2337911,CHEMBL4299960,2.0,O=O.[O-][Cl+]O.[O-][Cl+]O.[O-][Cl+]O.[O-][Cl+]O,IVFGWWGNVIZDAS-UHFFFAOYSA-N,305.83,305.83,,,,,,,,,,,0,0,,0,0,0
12769,2390532,CHEMBL4519121,1.0,C[C@H]1c2cccc(CCC(C)(C)O)c2C[C@H](CO)N1C(=O)Cc1c(Cl)cccc1Cl.O=C(O)c1ccc(O)cc1,QDACLJAXTYXXBL-KPVRICSOSA-N,588.53,588.53,,,,,,,,,,,0,0,,0,0,0
12773,2396787,CHEMBL4526356,1.0,C[C@]12CC[C@@H]3c4ccc(B(O)O)cc4C[C@@H](CCCCCCCCC[S+]([O-])CCCC(F)(F)C(F)(F)F)[C@H]3[C@@H]1CC[C@@H]2O,FIAYIYKWRBIBQG-GDWZZRAASA-N,634.6,634.6,,,,,,,,,,,0,0,,0,0,0
12801,2455396,CHEMBL4584965,2.0,Cl[TeH]1(Cl)(Cl)OCCO1.N,DXZFFLRJVDZCMT-UHFFFAOYSA-N,295.02,312.05,,,,,,,,,,,0,0,,0,0,0
12805,2464647,CHEMBL4594216,2.0,CC[C@H](C)[C@@H]([C@@H](CC(=O)N1CCC[C@H]1[C@H](OC)[C@@H](C)C(=O)N[C@H](C)[C@@H](O)c1ccccc1)OC)N(C)C(=O)[C@@H](NC(=O)[C@H](C(C)C)N(C)C(=O)OCc1ccc(NC(=O)[C@H](CCCNC(N)=O)NC(=O)[C@@H](NC(=O)CCCCCN2C(=O)CCC2=O)C(C)C)cc1)C(C)C,IEDXPSOJFSVCKU-HOKPPMCLSA-N,1318.67,1318.67,,,,,,,,,,,0,0,,0,0,0
12816,2464662,CHEMBL4594231,4.0,CNC[C@H](O)[C@@H](O)[C@H](O)[C@H](O)CO.CNC[C@H](O)[C@@H](O)[C@H](O)[C@H](O)CO.O=C(CCOCCOCCOCCOCCC(=O)Nc1c(I)cc(I)c(C(=O)O)c1I)Nc1c(I)cc(I)c(C(=O)O)c1I,LNBGFESBSAEKAE-VRWDCWMNSA-N,1287.92,1678.35,,,,,,,,,,,0,0,,0,1,0
12835,2464697,CHEMBL4594266,1.0,CC[C@@]1(O)C(=O)OCc2c1cc1n(c2=O)Cc2c-1nc1cc(F)c(C)c3c1c2[C@@H](NC(=O)COCNC(=O)CNC(=O)[C@H](Cc1ccccc1)NC(=O)CNC(=O)CNC(=O)CCCCCN1C(=O)CCC1=O)CC3,RKZSKPQVOKHTCP-MCZRLCSDSA-N,1036.08,1036.08,,,,,,,,,,,0,0,,0,0,0
12852,2464721,CHEMBL4594290,3.0,NCCNC1CCC(CC(=O)N[C@H]2Cc3cccc(C(=O)O)c3OB2O)CC1,PFZUWUXKQPRWAL-PXCJXSSVSA-N,389.26,389.26,,,,,,,,,,,0,0,,0,0,0
12853,2464722,CHEMBL4594291,1.0,Cl.Cl.NCCNC1CCC(CC(=O)N[C@H]2Cc3cccc(C(=O)O)c3OB2O)CC1,CKWIMFZHNCBHIX-PPJOBQAPSA-N,389.26,462.18,,,,,,,,,,,0,0,,0,0,0
12859,2464728,CHEMBL4594297,1.0,C[Si](C)(C)c1cc([Si](C)(C)C)c(NC(=O)c2c[nH]c3ccccc3c2=O)cc1O,TYQIFWXBQYAKCR-UHFFFAOYSA-N,424.65,424.65,,,,,,,,,,,0,0,,0,0,0
12886,2464814,CHEMBL4594383,4.0,CC1(C)C(/C=C/C2=C(Oc3ccc(C[C@H](NC(=O)c4ccc(NCc5cnc6nc(N)[nH]c(=O)c6n5)cc4)C(=O)[O-])cc3)/C(=C/C=C3\N(CCCCS(=O)(=O)[O-])c4ccc(S(=O)(=O)[O-])cc4C3(C)C)CCC2)=[N+](CCCCS(=O)(=O)[O-])c2ccc(S(=O)(=O)[O-])cc21.[Na+].[Na+].[Na+].[Na+],LRVBSDMJFVZFHH-NFVAJSDSSA-J,1326.52,1414.45,,,,,,,,,,,0,0,,0,1,0
12898,2464835,CHEMBL4594404,2.0,CO[C@H]1/C=C/O[C@@]2(C)Oc3c(C)c(O)c4c(O)c(c(/C=N/N5CCC(N(C)C6([C@@H]7CCN(c8c(F)cn9c(=O)c(C(=O)O)cc(C%10CC%10)c9c8C)C7)CC6)CC5)c(O)c4c3C2=O)NC(=O)/C(C)=C\C=C\[C@H](C)[C@H](O)[C@@H](C)[C@@H](O)[C@H](C)[C@H](OC(C)=O)[C@H]1C,OPZFMLLAJBIKAN-YSBZUPOXSA-N,1205.39,1205.39,,,,,,,,,,,0,0,,0,0,0
12915,2464856,CHEMBL4594425,1.0,CCC(=O)N[C@H]1Cc2cccc(C(=O)OCOC(=O)C(CC)CC)c2OB1O,SDTLIXWDRBWASV-HNNXBMFYSA-N,391.23,391.23,,,,,,,,,,,0,0,,0,0,0
12951,2467631,CHEMBL4597200,2.0,Cl[TeH]1(Cl)(Cl)OCCO1,NTCZXUFXVRQSMX-UHFFFAOYSA-N,295.02,295.02,,,,,,,,,,,0,0,,0,0,0
12953,2470345,CHEMBL4633785,1.0,O=C(O)c1c(F)ccc2c1OB(O)[C@@H]1C[C@H]21,KOHUFVUIYUCFNG-PHDIDXHHSA-N,221.98,221.98,,,,,,,,,,,0,0,,0,0,0
12963,2485929,CHEMBL4649378,2.0,CC[C@H]1OC(=O)C[C@@H](O)[C@H](C)[C@@H](O[C@@H]2O[C@H](C)[C@@H](O[C@H]3C[C@@](C)(O)[C@@H](OCc4ccc(F)cc4)[C@H](C)O3)[C@H](N(C)C)[C@H]2O)[C@@H](CC=O)C[C@@H](C)C(=O)/C=C/C(C)=C/[C@@H]1CO[C@@H]1O[C@H](C)[C@@H](O)[C@@H](OC)[C@H]1OC,FVQGMXUKQAXPIP-JLTQGABHSA-N,1024.23,1024.23,,,,,,,,,,,0,0,,0,0,0
12972,2486481,CHEMBL4650221,3.0,CC/C=C/C/C=C/C/C=C/C/C=C/C/C=C/CCCC(=O)O.CC/C=C/C/C=C/C/C=C/C/C=C/C/C=C/CCCCC(=O)O.CC/C=C/C/C=C/C/C=C/C/C=C/C/C=C/CCCCCC(=O)O,MSHVEAAKYBMOTM-VVUKEZRKSA-N,949.45,949.45,,,,,,,,,,,0,0,,0,0,0
12998,2486562,CHEMBL4650302,2.0,O=C([O-])CC(O)(CC(=O)O)C(=O)O.O=C([O-])CC(O)(CC(=O)O)C(=O)O.O=C([O-])CC(O)(CC(=O)[O-])C(=O)O.[K+].[K+].[Mg+2],YARCYODLIRKFGQ-UHFFFAOYSA-J,674.84,674.84,,,,,,,,,,,0,0,,0,0,0
13112,2537383,CHEMBL4802132,1.0,C[C@H](CS)C(=O)N1CCC[C@H]1C(=O)O.NS(=O)(=O)c1cc2c(cc1Cl)NCNS2(=O)=O,SFIUYASDNWEYDB-HHQFNNIRSA-N,515.04,515.04,,,,,,,,,,,0,0,,0,0,0
13125,2537399,CHEMBL4802148,1.0,C=C1C[C@@H]2CC[C@@]34C[C@@H]5O[C@@H]6[C@@H](O[C@H]7CC[C@H](CC(=O)O[C@@H]8[C@@H](C)[C@@H]9O[C@@H]%10C[C@]%11(C[C@@H]%12O[C@]%13(C[C@H](C)[C@@H]%14O[C@H](CN)[C@H](O)C[C@@H]%14O%13)C[C@H](C)[C@@H]%12O%11)O[C@@H]%10C[C@@H]9O[C@H]8C[C@H]8O[C@@H](CC[C@@H]1O2)C[C@@H](C)C8=C)O[C@@H]7[C@@H]6O3)[C@H]5O4,MJMBDBINYFNDST-UWJPGFHWSA-N,1066.29,1066.29,,,,,,,,,,,0,0,,0,0,0
13128,2537402,CHEMBL4802151,1.0,Cc1c(S(C)(=O)=O)c(-c2cc(F)cc(N3CCN(c4ccc(NS(=O)(=O)c5ccc(N[C@H](CCN6CCC(C(=O)OCCCP(=O)(O)O)CC6)CSc6ccccc6)c(S(=O)(=O)C(F)(F)F)c5)cc4)CC3)c2)c(-c2ccc(Cl)cc2)n1C(C)C,QIOCQCYXBYUYLH-YACUFSJGSA-N,1281.87,1281.87,,,,,,,,,,,0,0,,0,0,0
13199,2738017,CHEMBL5093566,1.0,CCC(=O)N[C@H]1Cc2cccc(C(=O)O)c2OB1O,QAGGLFCWUVSERJ-VIFPVBQESA-N,263.06,263.06,,,,,,,,,,,0,0,,0,0,0
13223,2739479,CHEMBL5095048,4.0,CC(N)Cc1ccccc1.C[C@H](N)Cc1ccccc1.C[C@H](N)Cc1ccccc1.NC(CC(=O)O)C(=O)O.O=S(=O)(O)O,YIAYMVFAILDILU-VSODYHHCSA-N,405.63,636.81,,,,,,,,,,,0,0,,1,0,0
13371,2739692,CHEMBL5095261,3.0,C[C@@H](O)[C@H](N)C(=O)N[C@@H](CCCCN)C(=O)N1CCC[C@H]1C(=O)N[C@@H](CCCNC(=N)N)C(=O)NCC(=O)N[C@@H](Cc1ccc(O)c(/N=N/c2ccc(OP(=O)([O-])OCC[N+](C)(C)C)cc2)c1)C(=O)O,VXUMKMXYKWBBDK-JERYHNGXSA-N,1006.07,1006.07,,,,,,,,,,,0,0,,0,0,0
13380,2739828,CHEMBL5095397,1.0,Cc1ccc([SH](=O)(O)O)cc1.Oc1ccc2c3c(cnc2c1)-c1ccc(C(F)(F)F)cc1O[C@@H]3c1ccc(OCCN2CC(CF)C2)cc1,HVGGLUMSKULLAV-LNLSOMNWSA-N,698.74,698.74,,,,,,,,,,,0,0,,0,0,0
13390,2739838,CHEMBL5095407,1.0,COc1cc2c(cc1OCCCCCOc1cc3c(cc1OC)C(=O)N1C=C(C)C[C@H]1[C@H](O)N3C(=O)OCc1ccc(NC(=O)[C@H](C)NC(=O)[C@@H](NC(=O)COCCOCCNS(=O)(=O)NC(=O)OC[C@@H]3[C@@H]4CCC#CCC[C@@H]43)C(C)C)cc1)N=C[C@@H]1CC(C)=CN1C2=O,GYWJLJHLCOVBNB-QXPKFWTNSA-N,1322.5,1322.5,,,,,,,,,,,0,0,,0,0,0
13395,2739845,CHEMBL5095414,1.0,COc1cc2c(cc1OCc1cc(COc3cc4c(cc3OC)C(=O)N3c5ccccc5C[C@H]3[C@H](S(=O)(=O)O)N4)cc(NC(=O)[C@H](C)NC(=O)[C@H](C)NC(=O)CCCCC(=O)NCCN3C(=O)C=CC3=O)c1)NC[C@@H]1Cc3ccccc3N1C2=O,ULMLCLUWGHVNGG-ZVGXFVMESA-N,1182.28,1182.28,,,,,,,,,,,0,0,,0,0,0
13410,2739936,CHEMBL5095505,4.0,CC(N)Cc1ccccc1.C[C@H](N)Cc1ccccc1.C[C@H](N)Cc1ccccc1,DUKHFSGXIHAISL-QXGOIDDHSA-N,405.63,405.63,,,,,,,,,,,0,0,,1,0,0
13446,2832029,CHEMBL5314378,4.0,CC(=O)O.CC(=O)O.CC[C@H](C)C[C@H](C)CCCCCCCCC(=O)N[C@H]1C[C@@H](O)[C@@H](NCCN)NC(=O)[C@@H]2[C@@H](O)CCN2C(=O)[C@H]([C@H](O)CCN)NC(=O)[C@H]([C@H](O)[C@@H](O)c2ccc(O)cc2)NC(=O)[C@@H]2C[C@@H](O)CN2C(=O)[C@H]([C@@H](C)O)NC1=O,OGUJBRYAAJYXQP-IJFZAWIJSA-N,1093.33,1213.44,,,,,,,,,,,0,0,,0,1,0
13483,2832073,CHEMBL5314422,2.0,COc1ccc2cc3[n+](cc2c1OC)CCc1cc2c(cc1-3)OCO2.C[C@H](CCC(=O)[O-])[C@H]1CC[C@H]2[C@@H]3[C@@H](O)C[C@@H]4C[C@H](O)CC[C@]4(C)[C@H]3CC[C@]12C,FHZVFXJRSFLYDY-FUXQPCDDSA-M,727.94,727.94,,,,,,,,,,,0,0,,0,0,0
13487,2832077,CHEMBL5314426,2.0,O=C([O-])CC(O)(CC(=O)[O-])C(=O)[O-].O=C([O-])CC(O)(CC(=O)[O-])C(=O)[O-].[K+].[K+].[K+].[K+].[Mg+2],ZBBBMBVEBOYSBA-UHFFFAOYSA-H,558.9,558.9,,,,,,,,,,,0,0,,0,0,0
13545,2832142,CHEMBL5314491,2.0,CC(C)C[C@@H]1NC(=O)[C@@H](Cc2ccccc2)NC(=O)[C@H](CCN)NC(=O)[C@@H](NC(=O)[C@H](CN)NC(=O)[C@@H](NC(=O)C[C@H](CN)c2cccc(Cl)c2)[C@@H](C)O)CCNC(=O)[C@H]([C@@H](C)O)NC(=O)[C@H](CCN)NC(=O)[C@H](CCN)NC1=O,VAZVBVUQVUHPMS-DFEDBOKMSA-N,1144.77,1144.77,,,,,,,,,,,0,0,,0,0,0
13555,2832152,CHEMBL5314501,2.0,O=C(O)CC[C@H](NC(=O)N[C@@H](CCCCNC(=O)CCCCCCCNC(=O)[C@@H](Cc1ccccc1)NC(=O)[C@@H](Cc1ccccc1)NC(=O)CCCC(=O)NC12CNCCNCC(NC(=O)CCCC(=O)N[C@H](Cc3ccccc3)C(=O)N[C@H](Cc3ccccc3)C(=O)NCCCCCCCC(=O)NCCCC[C@H](NC(=O)N[C@@H](CCC(=O)O)C(=O)O)C(=O)O)(CNCCNC1)CNCCNC2)C(=O)O)C(=O)O,KUSHPDNZFGMDOD-MXMGMDFJSA-N,2016.42,2016.42,,,,,,,,,,,0,0,,0,0,0
13568,2832165,CHEMBL5314514,2.0,CN[C@@H](C)C(=O)N[C@H]1CN(S(=O)(=O)c2cccc(S(=O)(=O)N3CC[C@H]4CC[C@@H](C(=O)NC(c5ccccc5)c5ccccc5)N4C(=O)[C@@H](NC(=O)[C@H](C)NC)C3)c2)CC[C@H]2[C@@H](C(=O)NC(c3ccccc3)c3ccccc3)CCN2C1=O,CKSCGAMVWBCIEP-GTOFBIKUSA-N,1157.43,1157.43,,,,,,,,,,,0,0,,0,0,0
13569,2832166,CHEMBL5314515,2.0,CC(C)C[C@H](NC(=O)CNC(=O)[C@@H]1CCN1c1ccc(F)cc1F)B1OC(=O)[C@H](CC(=O)O)O1,BMSAGHWUHGTMIV-ULQDDVLXSA-N,481.26,481.26,,,,,,,,,,,0,0,,0,0,0
13608,2832209,CHEMBL5314558,1.0,CC(C)(C)[Si]([18F])(c1ccc(C(=O)NC[C@@H](NC(=O)CC[C@@H](C(=O)O)N2CCN(CC(=O)O)CCN(CC(=O)O)CCN(CC(=O)O)CC2)C(=O)N[C@H](CCCCNC(=O)CCC(=O)NCCC[C@@H](NC(=O)CC[C@H](NC(=O)N[C@@H](CCC(=O)O)C(=O)O)C(=O)O)C(=O)O)C(=O)O)cc1)C(C)(C)C,QMGJNAVROCDAIW-MQNQVPOESA-N,1471.63,1470.63,,,,,,,,,,,0,0,,0,0,0
13657,2832261,CHEMBL5314610,2.0,CC1(C)C(/C=C/C2=C(Oc3ccc(C[C@H](NC(=O)[C@H](Cc4ccccc4)NC(=O)CCOCCOCCNC(=O)CC[C@H](NC(=O)N[C@@H](CCC(=O)O)C(=O)O)C(=O)O)C(=O)O)cc3)/C(=C/C=C3/N(CCCCS(=O)(=O)O)c4ccc(S(=O)(=O)O)cc4C3(C)C)CCC2)=[N+](CCCCS(=O)(=O)[O-])c2ccc(S(=O)(=O)O)cc21,KPIFKEKRKCVGMU-HQOHQVRUSA-N,1640.85,1640.85,,,,,,,,,,,0,0,,0,0,0
13658,2832262,CHEMBL5314611,1.0,CC1(C)C(/C=C/C2=C(Oc3ccc(C[C@H](NC(=O)[C@H](Cc4ccccc4)NC(=O)CCOCCOCCNC(=O)CC[C@H](NC(=O)N[C@@H](CCC(=O)[O-])C(=O)[O-])C(=O)[O-])C(=O)[O-])cc3)/C(=C/C=C3/N(CCCCS(=O)(=O)[O-])c4ccc(S(=O)(=O)[O-])cc4C3(C)C)CCC2)=[N+](CCCCS(=O)(=O)[O-])c2ccc(S(=O)(=O)[O-])cc21.[Na+].[Na+].[Na+].[Na+].[Na+].[Na+].[Na+],ZVQNOBGMXDIMLW-HHKHVMTFSA-G,1640.85,1794.72,,,,,,,,,,,0,0,,0,0,0
13740,2832773,CHEMBL5315122,4.0,CC(C)C[C@H](NC(=O)[C@H](Cc1ccccc1)NC(=O)c1cnccn1)B1O[C@H]([C@H](O)CO)[C@@H]([C@H](O)CO)O1,QDMRNLRJDHCHLB-DNNBANOASA-N,530.39,530.39,,,,,,,,,,,0,0,,0,1,0
13750,2833806,CHEMBL5316155,1.0,CC(C)(C)[Si](F)(c1ccc(C(=O)NC[C@@H](NC(=O)CC[C@@H](C(=O)O)N2CCN(CC(=O)O)CCN(CC(=O)O)CCN(CC(=O)O)CC2)C(=O)N[C@H](CCCCNC(=O)CCC(=O)NCCC[C@@H](NC(=O)CC[C@H](NC(=O)N[C@@H](CCC(=O)O)C(=O)O)C(=O)O)C(=O)O)C(=O)O)cc1)C(C)(C)C,QMGJNAVROCDAIW-YNVJYXMMSA-N,1471.63,1471.63,,,,,,,,,,,0,0,,0,0,0
13812,3250458,CHEMBL6033457,1.0,Cc1c(Cl)c2c(Cl)c(C)c1-c1c(-c3ccc(F)cc3)sc3ncnc(c13)O[C@@H](C(=O)O)Cc1cc(ccc1OCc1ccnc(-c3ccc(OC[C@H]4COCCO4)cc3)n1)OC[C@@H](CN1CCN(C)CC1)O2,BOMNURVTAHAEBQ-KWIIHVIGSA-N,1037.99,1037.99,,,,,,,,,,,0,0,,0,0,0
13813,3273274,CHEMBL6056273,2.0,CCCOc1cc(-c2cncc([C@@H]3COB(O)C3)c2)ccc1OC,KXVKOYCGACSUPP-INIZCTEOSA-N,327.19,327.19,,,,,,,,,,,0,0,,0,0,0
13831,3283475,CHEMBL6067984,2.0,CCCCC1C(=O)N(c2ccccc2)N(c2ccccc2)C1=O.CCN(CC)CCNC(=O)COc1ccc(Cl)cc1.O.O,FNOZOEQGHOYGSF-UHFFFAOYSA-N,593.17,629.2,,,,,,,,,,,0,0,,0,0,0
13832,3283476,CHEMBL6067985,2.0,O.O=O.[Na+].[Na+].[Na+].[Na+].[O-][Cl+][O-].[O-][Cl+][O-].[O-][Cl+][O-].[O-][Cl+][O-],HSGCNVAFJQEHSB-UHFFFAOYSA-J,305.83,411.78,,,,,,,,,,,0,0,,0,0,0
13840,3283487,CHEMBL6067996,2.0,CCCC(=O)O.CCCC(=O)O.CCCC(=O)O.CCCC(=O)O.N=C(N)NCCC[C@H](N)C(=O)O.N=C(N)NCCC[C@H](N)C(=O)O.N=C(N)NCCC[C@H](N)C(=O)O,ZVEMACCDKBQNGX-KALODSIISA-N,875.04,875.04,,,,,,,,,,,0,0,,0,0,0
13844,3283492,CHEMBL6068001,1.0,O.O=C([O-])CC(O)(CC(=O)[O-])C(=O)O.O=C([O-])CC(O)(CC(=O)[O-])C(=O)O.O=C([O-])CC(O)(CC(=O)[O-])C(=O)O.O=C([O-])CC(O)(CC(=O)[O-])C(=O)[O-].O=C([O-])CC(O)(CC(=O)[O-])C(=O)[O-].[K+].[K+].[K+].[K+].[K+].[K+].[Na+].[Na+].[Na+].[Na+].[Na+].[Na+],COSZWAUYIUYQBS-UHFFFAOYSA-B,1321.05,1339.06,,,,,,,,,,,0,0,,0,0,0
13851,3283502,CHEMBL6068011,2.0,Cc1c(C(=O)O)c(-c2cccc(N3CCN(c4ccc(NS(=O)(=O)c5ccc(N[C@H](CCN6CCC(OP(=O)(O)O)CC6)CSc6ccccc6)c(S(=O)(=O)C(F)(F)F)c5)cc4)CC3)c2)c(-c2ccc(Cl)cc2)n1C(C)C,FSZILRQCEAUYPL-VQJSHJPSSA-N,1159.71,1159.71,,,,,,,,,,,0,0,,0,0,0
13861,3283512,CHEMBL6068021,2.0,CC(=O)N1CC[C@H]2CC[C@@H](C(=O)N[C@@H](CCC(N)=O)COc3cccc(CCCC(=O)N[C@H](C(=O)N4C[C@H](O)C[C@H]4C(=O)N[C@@H](C)c4ccc(-c5scnc5C)cc4)C(C)(C)C)c3Cl)N2C(=O)[C@@H](NC(=O)c2cc3cc(C(=O)P(=O)(O)O)ccc3[nH]2)C1,OANZCHOMQTZJOO-KTRCLUSBSA-N,1257.8,1257.8,,,,,,,,,,,0,0,,0,0,0
13872,3283523,CHEMBL6068032,2.0,CO[C@@H]1CC[C@@H](CNc2ccc(S(=O)(=O)NC(=O)c3ccc(N4CCN5CC6=C(c7ccc(Cl)cc7)CC(C)(C)C[C@H]6OCCCOC[C@@H]5C4)cc3N3CCCOc4nc5[nH]ccc5cc43)cc2[N+](=O)[O-])OC1,AWGQQZVAXXLVMT-ORYVFAGJSA-N,1039.65,1039.65,,,,,,,,,,,0,0,,0,0,0
13881,3283532,CHEMBL6068041,2.0,CC(C)C[C@H](NC(=O)[C@H](Cc1ccc(O)cc1)NC(=O)[C@@H](CCCNC(=N)N)NC(=O)[C@@H](CO)NC(=O)[C@H](Cc1ccccc1)NC(=O)[C@H](CC1CCCCC1)NC(=O)[C@H](CC(=O)O)NC(=O)[C@H](CCC(=O)O)NC(=O)[C@H](CCC(=O)O)NC(=O)CCCCC[N+]1=C(C=CC=CC=CC=C2N(CCCCS(=O)(=O)[O-])c3ccc4ccccc4c3C2(C)C)C(C)(C)c2c1ccc1ccccc21)C(=O)N[C@@H](Cc1c[nH]c2ccccc12)C(=O)N[C@@H](CO)C(=O)O,OCRKMIFLYRVZMV-LYZVSXSJSA-N,2197.59,2197.59,,,,,,,,,,,0,0,,0,0,0
13882,3283533,CHEMBL6068042,2.0,CC(=O)N[C@@H](CSC[C@H]1O[C@@H]2O[C@H]3[C@H](O)[C@@H](O)[C@@H](O[C@H]4[C@H](O)[C@@H](O)[C@@H](O[C@H]5[C@H](O)[C@@H](O)[C@@H](O[C@H]6[C@H](O)[C@@H](O)[C@@H](O[C@H]7[C@H](O)[C@@H](O)[C@@H](O[C@H]8[C@H](O)[C@@H](O)[C@@H](O[C@H]9[C@H](O)[C@@H](O)[C@@H](O[C@H]1[C@H](O)[C@H]2O)O[C@@H]9CSC[C@H](NC(C)=O)C(=O)O)O[C@@H]8CSC[C@H](NC(C)=O)C(=O)O)O[C@@H]7CSC[C@H](NC(C)=O)C(=O)O)O[C@@H]6CSC[C@H](NC(C)=O)C(=O)O)O[C@@H]5CSC[C@H](NC(C)=O)C(=O)O)O[C@@H]4CSC[C@H](NC(C)=O)C(=O)O)O[C@@H]3CSC[C@H](NC(C)=O)C(=O)O)C(=O)O,KVKTWRSAVHAYFI-RILGFENASA-N,2458.59,2458.59,,,,,,,,,,,0,0,,0,0,0
13903,3283555,CHEMBL6068064,2.0,CCCNC(=O)Nc1cccc(S(=O)(=O)Nc2cccc([C@@H](CC(=O)O)NC(=O)Nc3ccc(NC(=O)NCCOCCOCCOCCC(=O)N[C@@H](CC(=O)O)C(=O)N4CCC[C@H]4C(=O)N[C@H](C(=O)O[C@]4(CC)C(=O)OCc5c4cc4n(c5=O)Cc5c-4nc4ccccc4c5CC)C(C)C)cc3)c2)c1,NIZBSXQORMTMGG-MNFWRURASA-N,1471.61,1471.61,,,,,,,,,,,0,0,,0,0,0
13976,3283968,CHEMBL6068477,1.0,CO[C@H]1C[C@@H]2CC[C@@H](C)[C@@](O)(O2)C(=O)C(=O)N2CCCC[C@H]2C(=O)O[C@H]([C@H](C)C[C@@H]2CC[C@@H](OC(=O)C3CCCCC3)[C@H](OC)C2)CC(=O)[C@H](C)/C=C(\C)[C@@H](O)[C@@H](OC)C(=O)[C@H](C)C[C@H](C)/C=C/C=C/C=C/1C,CFHQWCVHPJFPBS-IMPNTQJQSA-N,1024.34,1024.34,,,,,,,,,,,0,0,,0,0,0
13978,3283970,CHEMBL6068479,1.0,O=C([O-])c1c(F)ccc2c1O[B-](O)(O)[C@@H]1C[C@H]21.[Na+].[Na+],RLVWXGRGTAHSCI-BNTLRKBRSA-M,221.98,283.96,,,,,,,,,,,0,0,,0,0,0
13980,3283972,CHEMBL6068481,1.0,CC[C@@]1(O)C(=O)OCc2c1cc1n(c2=O)Cc2c-1nc1cc(F)c(C)c3c1c2[C@@H](NC(=O)[C@H]1C[C@@H](OCNC(=O)CNC(=O)[C@H](Cc2ccccc2)NC(=O)CNC(=O)CNC(=O)CCCCCN2C(=O)C=CC2=O)C1)CC3,JPJKEHSBLMGNGL-RMRLAMMMSA-N,1074.13,1074.13,,,,,,,,,,,0,0,,0,0,0
13987,3283999,CHEMBL6068508,2.0,N=C(N)NCCC[C@H](N)C(=O)O.N[C@@H](CC(=O)O)C(=O)O,SUUWYOYAXFUOLX-ZBRNBAAYSA-N,307.31,307.31,,,,,,,,,,,0,0,,0,0,0
14030,3284048,CHEMBL6068557,2.0,C[C@H](O)C(=O)[O-].C[C@H](O)C(=O)[O-].O.O.[Mg+2],KSHMINBVGAHXNS-PXYKVGKMSA-L,202.44,238.47,,,,,,,,,,,0,0,,0,0,0
14039,3284255,CHEMBL6068764,1.0,O=C([O-])CC(O)(CC(=O)[O-])C(=O)O.O=C([O-])CC(O)(CC(=O)[O-])C(=O)O.O=C([O-])CC(O)(CC(=O)[O-])C(=O)O.O=C([O-])CC(O)(CC(=O)[O-])C(=O)[O-].O=C([O-])CC(O)(CC(=O)[O-])C(=O)[O-].[K+].[K+].[K+].[K+].[K+].[K+].[Na+].[Na+].[Na+].[Na+].[Na+].[Na+],FNWVPWJMPKZALM-UHFFFAOYSA-B,1321.05,1321.05,,,,,,,,,,,0,0,,0,0,0
14040,3284256,CHEMBL6068765,2.0,C[C@H](O)C(=O)[O-].C[C@H](O)C(=O)[O-].[Mg+2],OVGXLJDWSLQDRT-CEOVSRFSSA-L,202.44,202.44,,,,,,,,,,,1,0,,0,0,0
14045,3284673,CHEMBL6069182,2.0,CCCCC1C(=O)N(c2ccccc2)N(c2ccccc2)C1=O.CCN(CC)CCNC(=O)COc1ccc(Cl)cc1,ICBCZMIEENEERJ-UHFFFAOYSA-N,593.17,593.17,,,,,,,,,,,0,0,,0,0,0
